ma,loai,so_plugin,so_lan,plugins,ban_goc_tai,ngay_ban_hanh,hieu_luc,bi_sua_doi_boi,bi_thay_the_boi,du_thao_thay_the,ghi_chu
Luật 118/2025,Luật,6,57,hl-vlncn-sct-vn;kho-vlncn-sct-vn;qlks-sct-vn;sd-vlncn-sct-vn;xd-sct-vn;xp-sct-vn,hl-vlncn-sct-vn;kho-vlncn-sct-vn;sd-vlncn-sct-vn;xp-sct-vn,,01/7/2026,,,,Sửa Luật 42/2024 — k5 Đ44 nơi nộp GCN sản xuất TCTN (trích luật)
Luật 135/2025,Luật,4,55,kccn-sct-vn;kho-vlncn-sct-vn;tkm-sct-vn;xd-sct-vn,xd-sct-vn,,01/7/2026,,,,Luật Xây dựng mới — xd-sct-vn
Luật 143/2025,Luật,1,1,kccn-sct-vn,,,,,,,
Luật 144/2025,Luật,1,1,kccn-sct-vn,xd-sct-vn,,,,,,
Luật 146/2025,Luật,3,23,bvmt-sct-vn;kccn-sct-vn;qlks-sct-vn,hc-sct-vn;kho-vlncn-sct-vn;sd-vlncn-sct-vn,,,,,,
Luật 147/2025,Luật,3,69,qlks-sct-vn;quy-hoach-ct-vn;tkm-sct-vn,qlks-sct-vn,,,,,,
Luật 67/2025,Luật,1,3,kccn-sct-vn,qlks-sct-vn,,,,,,
Luật 69/2025,Luật,3,20,hc-sct-vn;hnh-sct-vn;xp-sct-vn,hc-sct-vn,,,,,,
Luật 87/2025,Luật,1,1,kccn-sct-vn,,,,,,,
Luật 88/2025,Luật,3,23,hnh-sct-vn;xp-hc-vlncn-sct-vn;xp-sct-vn,xp-sct-vn,25/6/2025,01/7/2025,,,,Sửa Luật XLVPHC; bản gốc xp-sct-vn/van-ban-goc/chung; đối chiếu ref 10
Luật 90/2025,Luật,1,2,kccn-sct-vn,,,,,,,
Luật 35/2024,Luật,1,4,hnh-sct-vn,hnh-sct-vn,,,,,,
Luật 36/2024,Luật,2,25,hnh-sct-vn;xp-sct-vn,,,,,,,
Luật 42/2024,Luật,9,126,hl-vlncn-sct-vn;hnh-sct-vn;kho-vlncn-sct-vn;qlks-sct-vn;sct-laocai-org-vn;sd-vlncn-sct-vn;vbhc-vn;xp-hc-vlncn-sct-vn;xp-sct-vn,kho-vlncn-sct-vn;sd-vlncn-sct-vn,,01/01/2025,Luật 118/2025 (01/7/2026),,,Luật Quản lý sử dụng vũ khí VLNCN CCHT; VBHN 78/VBHN-VPQH; uỷ quyền cấp GP sử dụng VLNCN cho Sở: QĐ 2867/QĐ-UBND từ 20/8/2026
Luật 54/2024,Luật,4,33,qlks-sct-vn;quy-hoach-ct-vn;tkm-sct-vn;xp-sct-vn,qlks-sct-vn,,01/7/2025,Luật 147/2025,,,Luật Địa chất và Khoáng sản
Luật 55/2024,Luật,3,28,kho-vlncn-sct-vn;pccc-sct-vn;xp-sct-vn,,,,,,,
Luật 61/2020,Luật,1,1,quy-hoach-ct-vn,,,,,,,
Luật 62/2020,Luật,2,7,kho-vlncn-sct-vn;tkm-sct-vn,,,,,,,
Luật 64/2020,Luật,1,1,xd-sct-vn,,,,,,,
Luật 67/2020,Luật,2,6,xp-hc-vlncn-sct-vn;xp-sct-vn,,,,,,,
Luật 50/2019,Luật,1,1,kho-vlncn-sct-vn,,,,,,,
Luật 35/2018,Luật,1,1,quy-hoach-ct-vn,,,,,,,
Luật 14/2017,Luật,2,3,kho-vlncn-sct-vn;sd-vlncn-sct-vn,bvmt-sct-vn,,,,,,
Luật 107/2016,Luật,1,3,kccn-sct-vn,,,,,,,
Luật 3/2016,Luật,1,1,xd-sct-vn,,,,,,,
Luật 50/2014,Luật,1,3,tkm-sct-vn,,,,,,,
Luật 15/2012,Luật,2,2,hl-vlncn-sct-vn;sd-vlncn-sct-vn,,20/6/2012,01/7/2013,Luật 67/2020; Luật 88/2025 (01/7/2025),,,"Luật XLVPHC; bản hợp nhất 63/VBHN-VPQH 2025; Luật 88 bãi bỏ Đ38–49, 51 — thẩm quyền theo NĐ 189/2025"
Luật 60/2010,Luật,1,4,qlks-sct-vn,,,,,,,
Luật 6/2007,Luật,3,5,hc-sct-vn;xp-hc-vlncn-sct-vn;xp-sct-vn,,,,,,,
VBHN 21/VBHN-BNNMT,VBHN,2,7,qlks-sct-vn;tkm-sct-vn,,,,,,,
VBHN 48/VBHN-BNNMT,VBHN,1,4,bvmt-sct-vn,bvmt-sct-vn,,,,,,
VBHN 49/VBHN-BNNMT,VBHN,1,2,bvmt-sct-vn,bvmt-sct-vn,,,,,,
VBHN 63/VBHN-BNNMT,VBHN,1,2,qlks-sct-vn,,,,,,,
VBHN 63/VBHN-VPQH,VBHN,1,3,xp-sct-vn,,,,,,,
VBHN 64/VBHN-BNNMT,VBHN,1,1,qlks-sct-vn,,,,,,,
VBHN 78/VBHN-VPQH,VBHN,3,10,hl-vlncn-sct-vn;kho-vlncn-sct-vn;sd-vlncn-sct-vn,hl-vlncn-sct-vn;kho-vlncn-sct-vn;sd-vlncn-sct-vn;xp-hc-vlncn-sct-vn;xp-sct-vn,,,,,,
NĐ 112/2026,NĐ,1,10,bvmt-sct-vn,bvmt-sct-vn,,,,,,
NĐ 133/2026,NĐ,1,15,xp-sct-vn,xp-sct-vn,,,,,,Xử phạt điện lực — QLNL
NĐ 14/2026,NĐ,2,3,kho-vlncn-sct-vn;xd-sct-vn,bvmt-sct-vn;hnh-sct-vn;kccn-sct-vn;xd-sct-vn,,,,,,
NĐ 16/2026,NĐ,1,1,hnh-sct-vn,kccn-sct-vn,,,,,,
NĐ 178/2026,NĐ,1,11,kccn-sct-vn,kccn-sct-vn,,,,,,
NĐ 180/2026,NĐ,1,7,bvmt-sct-vn,bvmt-sct-vn,,,,,,
NĐ 2/2026,NĐ,1,1,xp-sct-vn,,,,,,,
NĐ 206/2026,NĐ,1,1,xd-sct-vn,,,,,,,
NĐ 207/2026,NĐ,5,130,kccn-sct-vn;kho-vlncn-sct-vn;tkm-sct-vn;xd-sct-vn;xp-sct-vn,xd-sct-vn,,01/7/2026,,,,"Chi tiết Luật Xây dựng 135/2025; kho VLNCN tạm miễn KTCTNT (k1 Đ25, k3 Đ53)"
NĐ 21/2026,NĐ,2,44,qlks-sct-vn;tkm-sct-vn,bvmt-sct-vn;pccc-sct-vn;qlks-sct-vn,,,,,,
NĐ 212/2026,NĐ,2,5,kho-vlncn-sct-vn;xd-sct-vn,xd-sct-vn,,,,,,
NĐ 217/2026,NĐ,6,95,kccn-sct-vn;kho-vlncn-sct-vn;qlks-sct-vn;tkm-sct-vn;xd-sct-vn;xp-sct-vn,xd-sct-vn,,01/7/2026,,,,Quản lý dự án/thiết kế xây dựng — tkm-sct-vn GATE k5 Đ76
NĐ 24/2026,NĐ,2,18,hc-sct-vn;xp-sct-vn,hc-sct-vn;xd-sct-vn,,,,,,
NĐ 25/2026,NĐ,3,17,hc-sct-vn;xp-hc-vlncn-sct-vn;xp-sct-vn,hc-sct-vn,,,,,,
NĐ 26/2026,NĐ,1,16,hc-sct-vn,hc-sct-vn;hnh-sct-vn;kccn-sct-vn;qlks-sct-vn;tkm-sct-vn,,,,,,
NĐ 275/2026,NĐ,7,170,bpb-sct-vn;hc-sct-vn;hl-vlncn-sct-vn;kho-vlncn-sct-vn;sd-vlncn-sct-vn;xp-hc-vlncn-sct-vn;xp-sct-vn,xp-hc-vlncn-sct-vn;xp-sct-vn,,25/8/2026,,,,"Xử phạt hóa chất, VLNCN, tiền chất — thay NĐ 71/2019; Đ63 có Giám đốc Sở CT"
NĐ 281/2026,NĐ,1,5,xp-sct-vn,xp-sct-vn,,,,,,
NĐ 283/2026,NĐ,1,14,xp-sct-vn,xp-sct-vn,,10/9/2026,,,,"Xử phạt lao động, ATVSLĐ — chưa có plugin ATVSLĐ riêng"
NĐ 288/2026,NĐ,1,6,xp-sct-vn,xp-sct-vn,,,,,,
NĐ 29/2026,NĐ,1,8,bvmt-sct-vn,bvmt-sct-vn;pccc-sct-vn,,,,,,
NĐ 303/2026,NĐ,3,25,bvmt-sct-vn;kccn-sct-vn;xp-sct-vn,,,15/9/2026,,,,Sửa NĐ 32/2024 về CCN
NĐ 311/2026,NĐ,1,17,xp-sct-vn,xp-sct-vn,06/8/2026,26/9/2026,,,,Sửa NĐ 189/2025
NĐ 46/2026,NĐ,2,18,attp-sct-vn;xp-sct-vn,attp-sct-vn,,,,,TẠM NGƯNG theo NQ 15/2026,ATTP — đọc attp-sct-vn reference 08 trước khi dẫn
NĐ 48/2026,NĐ,2,49,bvmt-sct-vn;kccn-sct-vn,bvmt-sct-vn,,,,,,
NĐ 49/2026,NĐ,1,2,kccn-sct-vn,bvmt-sct-vn,,,,,,
NĐ 50/2026,NĐ,1,1,kccn-sct-vn,,,,,,,
NĐ 61/2026,NĐ,1,1,xp-sct-vn,,,,,,,
NĐ 67/2026,NĐ,1,6,kho-vlncn-sct-vn,,,,,,,
NĐ 81/2026,NĐ,1,1,xp-sct-vn,,,,,,,
NĐ 83/2026,NĐ,1,11,bvmt-sct-vn,bvmt-sct-vn,,,,,,
NĐ 87/2026,NĐ,1,1,xp-sct-vn,,,,,,,
NĐ 90/2026,NĐ,2,2,attp-sct-vn;xp-sct-vn,,,,,,,
NĐ 96/2026,NĐ,1,7,kccn-sct-vn,,,,,,,
NĐ 10/2025,NĐ,2,3,kccn-sct-vn;qlks-sct-vn,hl-vlncn-sct-vn;kho-vlncn-sct-vn;sd-vlncn-sct-vn;tkm-sct-vn,,,,,,
NĐ 105/2025,NĐ,9,132,hnh-sct-vn;kccn-sct-vn;kho-vlncn-sct-vn;pccc-sct-vn;sd-vlncn-sct-vn;tkm-sct-vn;vbhc-vn;xd-sct-vn;xp-sct-vn,hnh-sct-vn,,,,,,Chi tiết Luật PCCC 55/2024; kiểm tra định kỳ Phụ lục II
NĐ 106/2025,NĐ,2,30,pccc-sct-vn;xp-sct-vn,xp-sct-vn,,,,,,Xử phạt PCCC
NĐ 119/2025,NĐ,1,7,bvmt-sct-vn,bvmt-sct-vn,,,,,,
NĐ 131/2025,NĐ,1,4,bvmt-sct-vn,,,,,,,
NĐ 136/2025,NĐ,2,10,bvmt-sct-vn;qlks-sct-vn,,,,,,,
NĐ 139/2025,NĐ,6,42,attp-sct-vn;hl-vlncn-sct-vn;hnh-sct-vn;kccn-sct-vn;pccc-sct-vn;sd-vlncn-sct-vn,kccn-sct-vn,,,,,,
NĐ 140/2025,NĐ,3,22,kho-vlncn-sct-vn;tkm-sct-vn;xd-sct-vn,xd-sct-vn,,,,,,
NĐ 144/2025,NĐ,3,21,kho-vlncn-sct-vn;tkm-sct-vn;xd-sct-vn,xd-sct-vn,,,,,,
NĐ 145/2025,NĐ,1,1,kccn-sct-vn,,,,,,,
NĐ 146/2025,NĐ,6,74,attp-sct-vn;hc-sct-vn;hl-vlncn-sct-vn;hnh-sct-vn;kho-vlncn-sct-vn;sd-vlncn-sct-vn,hc-sct-vn;kho-vlncn-sct-vn;sd-vlncn-sct-vn,,,,,,"Sửa NĐ 181/2024 (phân cấp, phân quyền); Đ24; k5 Đ37 ATTP"
NĐ 178/2025,NĐ,2,7,kccn-sct-vn;xd-sct-vn,xd-sct-vn,,,,,,
NĐ 186/2025,NĐ,1,2,kccn-sct-vn,,,,,,,
NĐ 187/2025,NĐ,1,5,vbhc-vn,,,,,,,
NĐ 189/2025,NĐ,6,50,attp-sct-vn;hc-sct-vn;hnh-sct-vn;sd-vlncn-sct-vn;xp-hc-vlncn-sct-vn;xp-sct-vn,xp-sct-vn,01/7/2025,01/7/2025,NĐ 311/2026 (hiệu lực 26/9/2026),,,Thẩm quyền xử phạt các chức danh sau sắp xếp; k2 Đ6 GĐ Sở 80% trần; k2 Đ21 chuyển đổi chức danh
NĐ 190/2025,NĐ,3,19,hnh-sct-vn;xp-hc-vlncn-sct-vn;xp-sct-vn,xp-sct-vn,,,,,,
NĐ 193/2025,NĐ,2,91,qlks-sct-vn;tkm-sct-vn,qlks-sct-vn,,,,,,
NĐ 217/2025,NĐ,9,84,bvmt-sct-vn;hc-sct-vn;hl-vlncn-sct-vn;hnh-sct-vn;kho-vlncn-sct-vn;qlks-sct-vn;sd-vlncn-sct-vn;xp-hc-vlncn-sct-vn;xp-sct-vn,hnh-sct-vn,05/8/2025,,,,,Kiểm tra chuyên ngành; TT 56/2025/TT-BCT hướng dẫn
NĐ 22/2025,NĐ,2,2,kccn-sct-vn;quy-hoach-ct-vn,,,,,,,
NĐ 239/2025,NĐ,2,6,kccn-sct-vn;vbhc-vn,,,,,,,
NĐ 24/2025,NĐ,1,11,xp-sct-vn,bvmt-sct-vn;qlks-sct-vn;xp-sct-vn,,,,,,"Sửa NĐ 98/2020 (Đ78, 81–88 biện pháp khắc phục)"
NĐ 243/2025,NĐ,1,2,xd-sct-vn,xd-sct-vn,,,,,,
NĐ 282/2025,NĐ,3,43,sd-vlncn-sct-vn;xp-hc-vlncn-sct-vn;xp-sct-vn,xp-hc-vlncn-sct-vn;xp-sct-vn,,,,,,
NĐ 290/2025,NĐ,1,1,xp-sct-vn,,,,,,,
NĐ 291/2025,NĐ,1,1,kccn-sct-vn,,,,,,,
NĐ 312/2025,NĐ,1,2,kccn-sct-vn,,,,,,,
NĐ 320/2025,NĐ,1,3,kccn-sct-vn,,,,,,,
NĐ 371/2025,NĐ,1,1,attp-sct-vn,,,,,,,
NĐ 40/2025,NĐ,2,2,sct-laocai-org-vn;tkm-sct-vn,,,,,,,
NĐ 5/2025,NĐ,2,15,bvmt-sct-vn;kccn-sct-vn,,,,,,,
NĐ 56/2025,NĐ,1,1,quy-hoach-ct-vn,xp-hc-vlncn-sct-vn;xp-sct-vn,,,,,,
NĐ 62/2025,NĐ,1,15,qlks-sct-vn,,,,,,,
NĐ 68/2025,NĐ,3,22,hnh-sct-vn;xp-hc-vlncn-sct-vn;xp-sct-vn,xp-sct-vn,,,,,,
NĐ 78/2025,NĐ,1,7,vbhc-vn,,,,,,,
NĐ 79/2025,NĐ,1,3,vbhc-vn,,,,,,,
NĐ 85/2025,NĐ,1,1,kccn-sct-vn,,,,,,,
NĐ 102/2024,NĐ,2,4,kccn-sct-vn;qlks-sct-vn,,,,,,,
NĐ 103/2024,NĐ,1,4,kccn-sct-vn,,,,,,,
NĐ 111/2024,NĐ,1,2,tkm-sct-vn,,,,,,,
NĐ 112/2024,NĐ,1,1,kccn-sct-vn,,,,,,,
NĐ 123/2024,NĐ,1,12,xp-sct-vn,xp-sct-vn,,,,,,
NĐ 149/2024,NĐ,2,10,kho-vlncn-sct-vn;sd-vlncn-sct-vn,kho-vlncn-sct-vn;sd-vlncn-sct-vn,,,,,,
NĐ 158/2024,NĐ,1,8,hnh-sct-vn,hnh-sct-vn,,,,,,
NĐ 161/2024,NĐ,5,53,hc-sct-vn;hnh-sct-vn;pccc-sct-vn;vbhc-vn;xp-sct-vn,hnh-sct-vn,,,,,,"Danh mục HHNH, vận chuyển HHNH — hnh-sct-vn"
NĐ 165/2024,NĐ,1,3,sd-vlncn-sct-vn,,,,,,,
NĐ 168/2024,NĐ,2,13,hnh-sct-vn;xp-sct-vn,xp-sct-vn,,,,,,Xử phạt giao thông đường bộ (vận chuyển HHNH)
NĐ 175/2024,NĐ,7,72,kccn-sct-vn;kho-vlncn-sct-vn;pccc-sct-vn;qlks-sct-vn;tkm-sct-vn;xd-sct-vn;xp-sct-vn,xd-sct-vn,,,,,,
NĐ 181/2024,NĐ,7,119,hl-vlncn-sct-vn;kho-vlncn-sct-vn;qlks-sct-vn;sd-vlncn-sct-vn;vbhc-vn;xp-hc-vlncn-sct-vn;xp-sct-vn,hl-vlncn-sct-vn;kho-vlncn-sct-vn;sd-vlncn-sct-vn,,01/01/2025,NĐ 146/2025,,,"Chi tiết Luật 42/2024 (VLNCN, tiền chất); Mẫu 01, 02 huấn luyện"
NĐ 32/2024,NĐ,7,102,dacn-sct-vn;kccn-sct-vn;pccc-sct-vn;qlks-sct-vn;quy-hoach-ct-vn;vbhc-vn;xp-sct-vn,kccn-sct-vn,15/3/2024,01/5/2024,NĐ 303/2026 (15/9/2026),,,"Quản lý CCN; NĐ 303 hạ ngưỡng lấp đầy 50%, thẩm quyền thành lập → UBND xã, 4 loại CCN mới"
NĐ 34/2024,NĐ,2,9,hc-sct-vn;hnh-sct-vn,hc-sct-vn,,,,,,
NĐ 44/2024,NĐ,1,1,kccn-sct-vn,,,,,,,
NĐ 53/2024,NĐ,1,1,qlks-sct-vn,,,,,,,
NĐ 71/2024,NĐ,1,1,kccn-sct-vn,,,,,,,
NĐ 88/2024,NĐ,1,1,kccn-sct-vn,,,,,,,
NĐ 91/2024,NĐ,1,1,kccn-sct-vn,,,,,,,
NĐ 96/2024,NĐ,2,2,kccn-sct-vn;vbhc-vn,,,,,,,
NĐ 35/2023,NĐ,3,14,kho-vlncn-sct-vn;tkm-sct-vn;xd-sct-vn,xd-sct-vn,,,,,,
NĐ 40/2023,NĐ,1,8,qlks-sct-vn,,,,,,,
NĐ 56/2023,NĐ,1,2,xp-sct-vn,,,,,,,
NĐ 58/2023,NĐ,2,2,kccn-sct-vn;quy-hoach-ct-vn,,,,,,,
NĐ 78/2023,NĐ,1,2,kccn-sct-vn,,,,,,,
NĐ 80/2023,NĐ,1,1,xp-sct-vn,,,,,,,
NĐ 12/2022,NĐ,1,5,xp-sct-vn,,,,,,,
NĐ 16/2022,NĐ,1,13,xp-sct-vn,xp-sct-vn,,,,,Dự thảo NĐ thay thế,Xử phạt xây dựng — kiểm tra khi có nghị định mới
NĐ 17/2022,NĐ,7,89,hc-sct-vn;hl-vlncn-sct-vn;hnh-sct-vn;kho-vlncn-sct-vn;sd-vlncn-sct-vn;xp-hc-vlncn-sct-vn;xp-sct-vn,bvmt-sct-vn;kho-vlncn-sct-vn;sd-vlncn-sct-vn;xp-sct-vn,31/01/2022,31/01/2022,,,,"Sửa NĐ 71/2019, 134/2013, 98/2020, 99/2020 — bản gốc xp-sct-vn/van-ban-goc/chung"
NĐ 35/2022,NĐ,3,9,kccn-sct-vn;pccc-sct-vn;quy-hoach-ct-vn,,,,,,,
NĐ 4/2022,NĐ,2,21,qlks-sct-vn;xp-sct-vn,,06/01/2022,06/01/2022,,,,"Sửa NĐ 91/2019, NĐ 36/2020 — bản gốc xp-sct-vn/van-ban-goc/khoang-san"
NĐ 45/2022,NĐ,2,39,bvmt-sct-vn;xp-sct-vn,xp-sct-vn,07/7/2022,25/8/2022,NĐ 290/2025 (tài nguyên nước),,Dự thảo NĐ thay thế,Xử phạt BVMT; Sở CT chỉ Đ45–46 (k4 Đ64); lập BB cần QĐ giao (Đ71 không liệt kê Sở CT)
NĐ 6/2022,NĐ,1,11,bvmt-sct-vn,bvmt-sct-vn,,,,,,
NĐ 8/2022,NĐ,3,24,bvmt-sct-vn;kccn-sct-vn;xp-sct-vn,,,,,,,
NĐ 82/2022,NĐ,2,4,hc-sct-vn;pccc-sct-vn,,,,,,,
NĐ 10/2021,NĐ,1,2,tkm-sct-vn,,,,,,,
NĐ 118/2021,NĐ,3,44,hnh-sct-vn;xp-hc-vlncn-sct-vn;xp-sct-vn,xp-sct-vn,23/12/2021,01/01/2022,NĐ 68/2025; NĐ 190/2025,,,Chi tiết Luật XLVPHC; bản gốc + 72 biểu mẫu tại xp-sct-vn/van-ban-goc/chung — CHƯA hợp nhất 68/190 (chưa có bản gốc 2 NĐ này)
NĐ 122/2021,NĐ,1,10,xp-sct-vn,xp-sct-vn,,,,,,
NĐ 124/2021,NĐ,2,8,attp-sct-vn;xp-sct-vn,xp-sct-vn,,,,,,
NĐ 126/2021,NĐ,1,1,xp-sct-vn,,,,,,,
NĐ 139/2021,NĐ,1,1,xp-sct-vn,,,,,,,
NĐ 144/2021,NĐ,4,15,pccc-sct-vn;sd-vlncn-sct-vn;xp-hc-vlncn-sct-vn;xp-sct-vn,,,,,,,
NĐ 15/2021,NĐ,3,8,pccc-sct-vn;qlks-sct-vn;tkm-sct-vn,,,,,,,
NĐ 18/2021,NĐ,1,1,kccn-sct-vn,,,,,,,
NĐ 31/2021,NĐ,3,10,kccn-sct-vn;vbhc-vn;xp-sct-vn,,,,,,,
NĐ 51/2021,NĐ,1,2,kccn-sct-vn,,,,,,,
NĐ 55/2021,NĐ,1,1,bvmt-sct-vn,,,,,,,
NĐ 6/2021,NĐ,4,67,kccn-sct-vn;kho-vlncn-sct-vn;tkm-sct-vn;xd-sct-vn,,,,,,,
NĐ 117/2020,NĐ,1,2,attp-sct-vn,xp-sct-vn,,,,,,
NĐ 125/2020,NĐ,1,2,xp-sct-vn,,,,,,,
NĐ 136/2020,NĐ,1,7,pccc-sct-vn,,,,,,,
NĐ 17/2020,NĐ,1,16,attp-sct-vn,xp-sct-vn,,,,,,
NĐ 23/2020,NĐ,1,2,qlks-sct-vn,,,,,,,
NĐ 24/2020,NĐ,1,1,attp-sct-vn,xp-sct-vn,,,,,,
NĐ 30/2020,NĐ,12,35,attp-sct-vn;bvmt-sct-vn;dacn-sct-vn;hc-sct-vn;hnh-sct-vn;kccn-sct-vn;kho-vlncn-sct-vn;qlks-sct-vn;tkm-sct-vn;vbhc-vn;xd-sct-vn;xp-hc-vlncn-sct-vn,,05/3/2020,05/3/2020,,,,Công tác văn thư — thể thức VBHC (vbhc-vn)
NĐ 36/2020,NĐ,2,30,qlks-sct-vn;xp-sct-vn,xp-sct-vn,24/3/2020,10/5/2020,NĐ 04/2022 (06/01/2022); NĐ 290/2025 (phần tài nguyên nước),,Dự thảo NĐ thay thế (3/2026),"Xử phạt tài nguyên nước, khoáng sản; Đ65 (bản 04/2022): thanh tra CT xử Đ36, 38, 39, 48, 55–62; lập BB theo QĐ 5116/QĐ-SCT"
NĐ 42/2020,NĐ,1,5,hnh-sct-vn,,,,,,,
NĐ 45/2020,NĐ,1,1,kccn-sct-vn,,,,,,,
NĐ 66/2020,NĐ,2,4,kccn-sct-vn;vbhc-vn,,,,,,,
NĐ 98/2020,NĐ,1,14,xp-sct-vn,xp-sct-vn,26/8/2020,15/10/2020,NĐ 17/2022 (Điều 3); NĐ 24/2025,,,"Xử phạt thương mại, hàng giả, hàng cấm, bảo vệ NTD — QLTT xử; QLCN không lập BB (k2 Đ80)"
NĐ 99/2020,NĐ,1,15,xp-sct-vn,xp-sct-vn,26/8/2020,11/10/2020,NĐ 17/2022 (Điều 4),,,"Xử phạt dầu khí, xăng dầu, khí; k2 Đ62 Chánh TT Sở CT đích danh; k7 Đ63"
NĐ 37/2019,NĐ,2,2,kccn-sct-vn;quy-hoach-ct-vn,,,,,,,
NĐ 67/2019,NĐ,1,4,qlks-sct-vn,,,,,,,
NĐ 71/2019,NĐ,8,141,hc-sct-vn;hl-vlncn-sct-vn;hnh-sct-vn;kho-vlncn-sct-vn;qlks-sct-vn;sd-vlncn-sct-vn;xp-hc-vlncn-sct-vn;xp-sct-vn,hc-sct-vn;kho-vlncn-sct-vn;sd-vlncn-sct-vn;xp-sct-vn,,,NĐ 17/2022 (Điều 1),NĐ 275/2026 (25/8/2026),,"Xử phạt hóa chất, VLNCN — đã thay thế; chỉ dẫn cho hành vi trước 25/8/2026"
NĐ 72/2019,NĐ,1,1,kccn-sct-vn,,,,,,,
NĐ 114/2018,NĐ,1,3,qlks-sct-vn,,,,,,,
NĐ 115/2018,NĐ,2,19,attp-sct-vn;xp-sct-vn,xp-sct-vn,,,,,,
NĐ 15/2018,NĐ,2,70,attp-sct-vn;xp-sct-vn,attp-sct-vn,,,,,,
NĐ 155/2018,NĐ,1,2,attp-sct-vn,,,,,,,
NĐ 156/2018,NĐ,1,1,kccn-sct-vn,,,,,,,
NĐ 67/2018,NĐ,1,8,qlks-sct-vn,,,,,,,
NĐ 69/2018,NĐ,1,1,attp-sct-vn,,,,,,,
NĐ 71/2018,NĐ,1,2,hl-vlncn-sct-vn,,,,,,,
NĐ 8/2018,NĐ,1,4,attp-sct-vn,,,,,,,
NĐ 87/2018,NĐ,1,6,pccc-sct-vn,,,,,,,
NĐ 105/2017,NĐ,3,6,attp-sct-vn;vbhc-vn;xp-sct-vn,,,,,,,
NĐ 106/2017,NĐ,1,1,attp-sct-vn,,,,,,,
NĐ 113/2017,NĐ,2,11,hc-sct-vn;pccc-sct-vn,,,,,,,
NĐ 119/2017,NĐ,1,5,xp-sct-vn,,,,,,,
NĐ 139/2017,NĐ,1,1,xp-sct-vn,,,,,,,
NĐ 33/2017,NĐ,1,1,xp-sct-vn,,,,,,,
NĐ 42/2017,NĐ,1,2,tkm-sct-vn,,,,,,,
NĐ 43/2017,NĐ,2,3,attp-sct-vn;xp-sct-vn,,,,,,,
NĐ 67/2017,NĐ,1,1,xp-sct-vn,,,,,,,
NĐ 68/2017,NĐ,2,6,kccn-sct-vn;vbhc-vn,,,,,,,
NĐ 134/2016,NĐ,1,1,kccn-sct-vn,,,,,,,
NĐ 155/2016,NĐ,1,1,bvmt-sct-vn,,,,,,,
NĐ 158/2016,NĐ,2,9,qlks-sct-vn;tkm-sct-vn,,,,,,,
NĐ 44/2016,NĐ,1,1,kho-vlncn-sct-vn,,,,,,,
NĐ 77/2016,NĐ,1,5,attp-sct-vn,,,,,,,
NĐ 96/2016,NĐ,1,4,pccc-sct-vn,,,,,,,
NĐ 32/2015,NĐ,1,1,tkm-sct-vn,,,,,,,
NĐ 44/2015,NĐ,1,1,kccn-sct-vn,,,,,,,
NĐ 46/2015,NĐ,1,2,tkm-sct-vn,,,,,,,
NĐ 59/2015,NĐ,1,23,tkm-sct-vn,,,,,,,
NĐ 83/2014,NĐ,2,3,pccc-sct-vn;xp-sct-vn,,,,,,,
NĐ 11/2013,NĐ,1,1,xd-sct-vn,,,,,,,
NĐ 134/2013,NĐ,1,3,xp-sct-vn,xp-sct-vn,,,,,,
NĐ 178/2013,NĐ,1,1,xp-sct-vn,,,,,,,
NĐ 67/2013,NĐ,2,16,attp-sct-vn;xp-sct-vn,,,,,,,
NĐ 77/2013,NĐ,1,1,attp-sct-vn,,,,,,,
NĐ 15/2012,NĐ,1,2,tkm-sct-vn,,,,,,,
NĐ 22/2012,NĐ,2,3,qlks-sct-vn;tkm-sct-vn,,,,,,,
NĐ 114/2009,NĐ,1,1,pccc-sct-vn,,,,,,,
NĐ 12/2009,NĐ,2,22,sd-vlncn-sct-vn;tkm-sct-vn,,,,,,,
NĐ 39/2009,NĐ,1,2,tkm-sct-vn,,,,,,,
NĐ 83/2009,NĐ,2,2,sd-vlncn-sct-vn;tkm-sct-vn,,,,,,,
NĐ 112/2006,NĐ,1,2,tkm-sct-vn,,,,,,,
NĐ 16/2005,NĐ,1,3,tkm-sct-vn,,,,,,,
NĐ 2/2003,NĐ,1,1,pccc-sct-vn,,,,,,,
TT 1/2026,TT,1,18,hc-sct-vn,kccn-sct-vn,,,,,,
TT 10/2026,TT,1,3,attp-sct-vn,bvmt-sct-vn;kccn-sct-vn;qlks-sct-vn,,,,,,
TT 11/2026,TT,3,15,attp-sct-vn;bvmt-sct-vn;qlks-sct-vn,bvmt-sct-vn;qlks-sct-vn;xd-sct-vn,,,,,,
TT 15/2026,TT,2,31,hnh-sct-vn;sd-vlncn-sct-vn,attp-sct-vn;bvmt-sct-vn;hnh-sct-vn;kccn-sct-vn,,,,,,
TT 2/2026,TT,1,7,hc-sct-vn,,,,,,,
TT 22/2026,TT,1,16,attp-sct-vn,,,,,,,
TT 26/2026,TT,7,156,hc-sct-vn;hl-vlncn-sct-vn;hnh-sct-vn;kho-vlncn-sct-vn;qlks-sct-vn;sd-vlncn-sct-vn;vbhc-vn,hc-sct-vn;hnh-sct-vn;kccn-sct-vn;qlks-sct-vn;tkm-sct-vn,,29/5/2026 (một phần),,,,"TT-BCT sửa TT 38/2025, 23/2024… — HHNH loại 5, 8 về UBND tỉnh"
TT 31/2026,TT,1,3,bvmt-sct-vn,bvmt-sct-vn,,,,,,
TT 34/2026,TT,5,23,attp-sct-vn;kccn-sct-vn;kho-vlncn-sct-vn;tkm-sct-vn;xd-sct-vn,xd-sct-vn,,,,,,
TT 36/2026,TT,1,1,xd-sct-vn,xd-sct-vn,,,,,,
TT 39/2026,TT,3,5,attp-sct-vn;kho-vlncn-sct-vn;xd-sct-vn,bvmt-sct-vn;xd-sct-vn,,,,,,
TT 4/2026,TT,1,27,qlks-sct-vn,bvmt-sct-vn,,,,,,
TT 48/2026,TT,1,4,bvmt-sct-vn,bvmt-sct-vn,,,,,,
TT 5/2026,TT,1,1,qlks-sct-vn,bvmt-sct-vn;hnh-sct-vn;qlks-sct-vn,,,,,,
TT 55/2026,TT,1,1,kccn-sct-vn,,,,,,,
TT 9/2026,TT,4,29,attp-sct-vn;bvmt-sct-vn;hl-vlncn-sct-vn;sd-vlncn-sct-vn,,,,,,,
TT 1/2025,TT,1,1,bvmt-sct-vn,,,,,,,
TT 103/2025,TT,1,1,pccc-sct-vn,,,,,,,
TT 16/2025,TT,1,1,kccn-sct-vn,,,,,,,
TT 17/2025,TT,1,3,attp-sct-vn,bvmt-sct-vn,,,,,,
TT 2/2025,TT,3,8,kho-vlncn-sct-vn;tkm-sct-vn;xd-sct-vn,kccn-sct-vn;xd-sct-vn,,,,,,
TT 24/2025,TT,1,22,qlks-sct-vn,bvmt-sct-vn;qlks-sct-vn;xp-sct-vn,,,,,,
TT 31/2025,TT,3,47,qlks-sct-vn;tkm-sct-vn;xp-sct-vn,tkm-sct-vn,,,,,,
TT 33/2025,TT,1,1,qlks-sct-vn,,,,,,,
TT 34/2025,TT,1,1,qlks-sct-vn,kccn-sct-vn,,,,,,
TT 35/2025,TT,1,1,qlks-sct-vn,,,,,,,
TT 36/2025,TT,2,51,pccc-sct-vn;qlks-sct-vn,qlks-sct-vn,,,,,,
TT 37/2025,TT,3,7,kccn-sct-vn;pccc-sct-vn;qlks-sct-vn,,,,,,,
TT 38/2025,TT,8,110,attp-sct-vn;hl-vlncn-sct-vn;hnh-sct-vn;kho-vlncn-sct-vn;pccc-sct-vn;qlks-sct-vn;sd-vlncn-sct-vn;vbhc-vn,bvmt-sct-vn;kho-vlncn-sct-vn;sd-vlncn-sct-vn,,,,,,
TT 40/2025,TT,1,8,qlks-sct-vn,,,,,,,
TT 43/2025,TT,1,33,qlks-sct-vn,qlks-sct-vn,,,,,,
TT 47/2025,TT,1,2,kccn-sct-vn,,,,,,,
TT 49/2025,TT,1,1,qlks-sct-vn,,,,,,,
TT 56/2025,TT,3,44,hc-sct-vn;xp-hc-vlncn-sct-vn;xp-sct-vn,xp-hc-vlncn-sct-vn;xp-sct-vn,28/11/2025,,,,,TT-BCT hướng dẫn kiểm tra chuyên ngành NĐ 217/2025 — 10 mẫu
TT 6/2025,TT,1,1,bvmt-sct-vn,bvmt-sct-vn;hl-vlncn-sct-vn,,,,,,
TT 67/2025,TT,1,4,qlks-sct-vn,qlks-sct-vn,,,,,,
TT 7/2025,TT,1,9,bvmt-sct-vn,,,,,,,
TT 72/2025,TT,1,3,sd-vlncn-sct-vn,,,,,,,
TT 8/2025,TT,1,12,bvmt-sct-vn,bvmt-sct-vn;qlks-sct-vn,,,,,,
TT 9/2025,TT,2,4,tkm-sct-vn;xd-sct-vn,qlks-sct-vn,,,,,,
TT 91/2025,TT,1,1,qlks-sct-vn,,,,,,,
TT 1/2024,TT,1,1,attp-sct-vn,hc-sct-vn,,,,,,
TT 14/2024,TT,3,30,kccn-sct-vn;vbhc-vn;xp-sct-vn,bvmt-sct-vn;kccn-sct-vn,,,,,,
TT 15/2024,TT,2,3,xp-hc-vlncn-sct-vn;xp-sct-vn,kho-vlncn-sct-vn;qlks-sct-vn;sd-vlncn-sct-vn,,,,,,
TT 19/2024,TT,1,3,hc-sct-vn,bvmt-sct-vn;hc-sct-vn,,,,,,
TT 23/2024,TT,7,113,hl-vlncn-sct-vn;hnh-sct-vn;kho-vlncn-sct-vn;qlks-sct-vn;sd-vlncn-sct-vn;xp-hc-vlncn-sct-vn;xp-sct-vn,hnh-sct-vn;kho-vlncn-sct-vn;sd-vlncn-sct-vn,,,,,,
TT 35/2024,TT,1,2,bvmt-sct-vn,hnh-sct-vn,,,,,,
TT 36/2024,TT,1,1,bvmt-sct-vn,,,,,,,
TT 38/2024,TT,1,1,bvmt-sct-vn,,,,,,,
TT 41/2024,TT,1,3,sd-vlncn-sct-vn,,,,,,,
TT 47/2024,TT,1,1,hnh-sct-vn,,,,,,,
TT 75/2024,TT,3,12,hl-vlncn-sct-vn;kho-vlncn-sct-vn;sd-vlncn-sct-vn,sd-vlncn-sct-vn,,,,,,
TT 98/2024,TT,2,12,hl-vlncn-sct-vn;sd-vlncn-sct-vn,hl-vlncn-sct-vn;sd-vlncn-sct-vn,,,,,,
TT 28/2023,TT,2,5,bvmt-sct-vn;xd-sct-vn,bvmt-sct-vn,,,,,,
TT 37/2023,TT,1,1,hnh-sct-vn,,,,,,,
TT 38/2023,TT,1,15,bvmt-sct-vn,bvmt-sct-vn,,,,,,
TT 43/2023,TT,1,4,attp-sct-vn,attp-sct-vn,,,,,,
TT 1/2022,TT,1,10,bvmt-sct-vn,,,,,,,
TT 2/2022,TT,1,7,bvmt-sct-vn,,,,,,,
TT 42/2022,TT,2,2,xp-hc-vlncn-sct-vn;xp-sct-vn,,,,,,,
TT 10/2021,TT,1,12,kho-vlncn-sct-vn,,,,,,,
TT 14/2021,TT,1,1,kccn-sct-vn,,,,,,,
TT 6/2021,TT,4,34,kho-vlncn-sct-vn;pccc-sct-vn;tkm-sct-vn;xd-sct-vn,,,,,,,
TT 13/2020,TT,1,3,attp-sct-vn,,,,,,,
TT 17/2020,TT,1,1,tkm-sct-vn,xp-sct-vn,,,,,,
TT 28/2020,TT,2,4,kccn-sct-vn;vbhc-vn,,,,,,,
TT 37/2020,TT,1,7,hnh-sct-vn,hnh-sct-vn,,,,,,
TT 47/2020,TT,1,2,kho-vlncn-sct-vn,kho-vlncn-sct-vn,,,,,,
TT 48/2020,TT,1,1,hc-sct-vn,,,,,,,
TT 24/2019,TT,1,1,attp-sct-vn,,,,,,,
TT 25/2019,TT,1,1,xp-sct-vn,,,,,,,
TT 32/2019,TT,2,9,kho-vlncn-sct-vn;sd-vlncn-sct-vn,kho-vlncn-sct-vn,,,,,,
TT 13/2018,TT,1,1,qlks-sct-vn,,,,,,,
TT 16/2018,TT,1,1,hnh-sct-vn,hnh-sct-vn,,,,,,
TT 24/2018,TT,1,1,qlks-sct-vn,,,,,,,
TT 38/2018,TT,1,1,attp-sct-vn,,,,,,,
TT 43/2018,TT,2,15,attp-sct-vn;xp-sct-vn,attp-sct-vn,,,,,,
TT 57/2018,TT,1,5,attp-sct-vn,attp-sct-vn,,,,,,
TT 8/2018,TT,1,1,attp-sct-vn,,,,,,,
TT 32/2017,TT,1,2,hc-sct-vn,,,,,,,
TT 40/2017,TT,1,1,qlks-sct-vn,,,,,,,
TT 26/2016,TT,1,25,tkm-sct-vn,,,,,,,
TT 3/2016,TT,1,1,tkm-sct-vn,,,,,,,
TT 43/2016,TT,1,2,qlks-sct-vn,,,,,,,
TT 11/2015,TT,1,1,hnh-sct-vn,,,,,,,
TT 35/2015,TT,1,16,bvmt-sct-vn,,,,,,,
TT 39/2015,TT,1,2,pccc-sct-vn,,,,,,,
TT 57/2015,TT,1,2,attp-sct-vn,,,,,,,
TT 10/2012,TT,1,1,kho-vlncn-sct-vn,,,,,,,
TT 33/2012,TT,1,13,tkm-sct-vn,,,,,,,
TT 15/2009,TT,1,2,tkm-sct-vn,,,,,,,
TT 20/2009,TT,1,4,tkm-sct-vn,,,,,,,
TT 23/2009,TT,1,2,tkm-sct-vn,,,,,,,
TT 3/2009,TT,1,3,tkm-sct-vn,,,,,,,
TT 40/2009,TT,1,1,tkm-sct-vn,,,,,,,
TT 3/2007,TT,1,8,tkm-sct-vn,,,,,,,
QĐ 5116/QĐ-SCT,QĐ,4,17,pccc-sct-vn;quy-hoach-ct-vn;vbhc-vn;xp-sct-vn,xp-sct-vn,20/8/2026,20/8/2026,,,,Giao PTP phụ trách khoáng sản + CV QLCN lập biên bản VPHC khoáng sản — bản ký số xp-sct-vn/van-ban-goc/khoang-san
QĐ 4875/QĐ-SCT,QĐ,2,5,xp-hc-vlncn-sct-vn;xp-sct-vn,,,,,,,
QĐ 3728/QĐ-SCT,QĐ,1,1,hl-vlncn-sct-vn,,,,,,,
QĐ 3488/QĐ-SCT,QĐ,1,3,sct-laocai-org-vn,,,,,,,
QĐ 3380/QĐ-BNNMT,QĐ,1,2,kccn-sct-vn,,,,,,,
QĐ 3339/QĐ-BNNMT,QĐ,1,1,qlks-sct-vn,,,,,,,
QĐ 3278/QĐ-BNNMT,QĐ,1,2,qlks-sct-vn,,,,,,,
QĐ 3118/QĐ-UBND,QĐ,1,2,kccn-sct-vn,,,,,,,
QĐ 2978/QĐ-UBND,QĐ,1,4,kccn-sct-vn,kccn-sct-vn,,,,,,
QĐ 2872/QĐ-SCT,QĐ,2,4,xp-hc-vlncn-sct-vn;xp-sct-vn,,,,,,,
QĐ 2867/QĐ-UBND,QĐ,3,35,hl-vlncn-sct-vn;kho-vlncn-sct-vn;sd-vlncn-sct-vn,sd-vlncn-sct-vn,17/8/2026,20/8/2026 → 28/02/2027,,,,"Uỷ quyền Sở CT cấp GP sử dụng VLNCN (/GP-SCT, PGĐ Thuân ký); không gồm thu hồi GP, phê duyệt PANM"
QĐ 2848/QĐ-UBND,QĐ,3,38,hnh-sct-vn;sd-vlncn-sct-vn;xp-sct-vn,hnh-sct-vn,14/8/2026,,,,,"Sửa QĐ 1696 — mở rộng uỷ quyền cấp GP vận chuyển HHNH (7 loại, GĐ Sở ký)"
QĐ 2806/QĐ-UBND,QĐ,1,1,qlks-sct-vn,,,,,,,
QĐ 2797/QĐ-SCT,QĐ,1,11,hl-vlncn-sct-vn,,,,,,,
QĐ 2778/QĐ-HĐ,QĐ,1,3,kccn-sct-vn,,,,,,,
QĐ 2736/QĐ-UBND,QĐ,1,8,kccn-sct-vn,kccn-sct-vn,,,,,,
QĐ 2589/QĐ-UBND,QĐ,1,1,bvmt-sct-vn,,,,,,,
QĐ 2586/QĐ-UBND,QĐ,1,1,kccn-sct-vn,,,,,,,
QĐ 2581/QĐ-TTG,QĐ,1,7,quy-hoach-ct-vn,,,,,,,
QĐ 2573/QĐ-UBND,QĐ,1,1,kccn-sct-vn,,,,,,,
QĐ 2556/QĐ-XPHC,QĐ,1,2,sd-vlncn-sct-vn,,,,,,,
QĐ 2548/QĐ-UBND,QĐ,1,5,kccn-sct-vn,,,,,,,
QĐ 2501/QĐ-UBND,QĐ,1,1,kccn-sct-vn,,,,,,,
QĐ 2463/QĐ-UBND,QĐ,2,8,kccn-sct-vn;qlks-sct-vn,kccn-sct-vn,,,,,,
QĐ 2390/QĐ-UBND,QĐ,3,14,kccn-sct-vn;qlks-sct-vn;quy-hoach-ct-vn,kccn-sct-vn,,,,,,
QĐ 2339/QĐ-UBND,QĐ,1,1,kccn-sct-vn,,,,,,,
QĐ 2338/QĐ-UBND,QĐ,1,8,kccn-sct-vn,kccn-sct-vn,,,,,,
QĐ 2336/QĐ-UBND,QĐ,1,6,kccn-sct-vn,kccn-sct-vn,,,,,,
QĐ 2272/QĐ-UBND,QĐ,5,12,hl-vlncn-sct-vn;kho-vlncn-sct-vn;sd-vlncn-sct-vn;xp-hc-vlncn-sct-vn;xp-sct-vn,sd-vlncn-sct-vn,,,,,,
QĐ 2267/QĐ-BNNMT,QĐ,1,1,quy-hoach-ct-vn,,,,,,,
QĐ 2200/QĐ-BNNMT,QĐ,1,3,bvmt-sct-vn,bvmt-sct-vn,,,,,,
QĐ 2170/QĐ-UBND,QĐ,1,6,kccn-sct-vn,kccn-sct-vn,,,,,,
QĐ 2167/QĐ-UBND,QĐ,1,5,kccn-sct-vn,,,,,,,
QĐ 2107/QĐ-UBND,QĐ,1,1,kccn-sct-vn,,,,,,,
QĐ 2100/QĐ-UBND,QĐ,1,1,kccn-sct-vn,,,,,,,
QĐ 2084/QĐ-UBND,QĐ,1,1,qlks-sct-vn,,,,,,,
QĐ 2031/QĐ-UBND,QĐ,1,2,kccn-sct-vn,,,,,,,
QĐ 11/2026/QĐ-UBND,QĐ,6,22,kccn-sct-vn;kho-vlncn-sct-vn;pccc-sct-vn;tkm-sct-vn;xd-sct-vn;xp-sct-vn,bvmt-sct-vn;qlks-sct-vn;xd-sct-vn,,,,,,
QĐ 16/2026/QĐ-UBND,QĐ,4,23,bvmt-sct-vn;dacn-sct-vn;kccn-sct-vn;pccc-sct-vn,kccn-sct-vn,,,,,,Quy chế quản lý CCN Lào Cai
QĐ 20/2026/QĐ-UBND,QĐ,1,3,bvmt-sct-vn,,,,,,,
QĐ 42/2026/QĐ-TTG,QĐ,1,17,bvmt-sct-vn,bvmt-sct-vn,,25/9/2026,,,,Danh mục cơ sở kiểm kê KNK (18 cơ sở công thương Lào Cai)
QĐ 11/2025/QĐ-TTG,QĐ,1,7,bvmt-sct-vn,bvmt-sct-vn,,,,,,
QĐ 13/2025/QĐ-UBND,QĐ,1,1,sct-laocai-org-vn,,,,,,,
QĐ 16/2025/QĐ-UBND,QĐ,1,2,kccn-sct-vn,,,,,,,
QĐ 23/2025/QĐ-UBND,QĐ,1,1,sct-laocai-org-vn,,,,,,,
QĐ 26/2025/QĐ-UBND,QĐ,1,1,hnh-sct-vn,kccn-sct-vn,,,,,,
QĐ 28/2025/QĐ-UBND,QĐ,1,18,attp-sct-vn,attp-sct-vn;bvmt-sct-vn,,,,,,
QĐ 5/2025/QĐ-PD,QĐ,1,2,sd-vlncn-sct-vn,,,,,,,
QĐ 5/2025/QĐ-UBND,QĐ,14,60,attp-sct-vn;hc-sct-vn;hl-vlncn-sct-vn;hnh-sct-vn;kccn-sct-vn;kho-vlncn-sct-vn;pccc-sct-vn;qlks-sct-vn;sct-laocai-org-vn;sd-vlncn-sct-vn;tkm-sct-vn;xd-sct-vn;xp-hc-vlncn-sct-vn;xp-sct-vn,,01/7/2025,01/7/2025,,,,"Chức năng, nhiệm vụ, cơ cấu tổ chức Sở Công Thương"
QĐ 5/2025/QĐ-UNBD,QĐ,1,1,sd-vlncn-sct-vn,,,,,,,
QĐ 58/2025/QĐ-UBND,QĐ,1,2,xd-sct-vn,,,,,,,
QĐ 9/2025/QĐ-UBND,QĐ,1,4,tkm-sct-vn,qlks-sct-vn,,,,,,
QĐ 13/2024/QĐ-TTG,QĐ,1,9,bvmt-sct-vn,bvmt-sct-vn,,,,,,
QĐ 20/2024/QĐ-UBND,QĐ,1,1,kccn-sct-vn,,,,,,,
QĐ 38/2024/QĐ-DNTN,QĐ,1,1,sd-vlncn-sct-vn,,,,,,,
QĐ 42/2024/QĐ-UBND,QĐ,1,1,kccn-sct-vn,kho-vlncn-sct-vn;sd-vlncn-sct-vn,,,,,,
QĐ 45/2024/QĐ-UBND,QĐ,1,2,attp-sct-vn,,,,,,,
QĐ 68/2024/QĐ-UBND,QĐ,1,1,kccn-sct-vn,,,,,,,
QĐ 8/2021/QĐ-UBND,QĐ,1,2,attp-sct-vn,,,,,,,
QĐ 105/2009/QĐ-TTG,QĐ,1,8,kccn-sct-vn,,,,,,,
QĐ 51/2008/QĐ-BCT,QĐ,1,1,kho-vlncn-sct-vn,,,,,,,
QĐ 1958/QĐ-TTG,QĐ,1,1,bpb-sct-vn,,,,,,,
QĐ 1955/QĐ-UBND,QĐ,1,5,kccn-sct-vn,,,,,,,
QĐ 1902/QĐ-UBND,QĐ,1,1,kccn-sct-vn,,,,,,,
QĐ 1883/QĐ-UBND,QĐ,3,28,hl-vlncn-sct-vn;kho-vlncn-sct-vn;sd-vlncn-sct-vn,hl-vlncn-sct-vn,,,,,,Uỷ quyền GĐ Sở cấp GCN huấn luyện KTAT VLNCN — KHÔNG phải uỷ quyền cấp GP sử dụng
QĐ 1781/QĐ-BCT,QĐ,1,1,hnh-sct-vn,,,,,,,
QĐ 1775/QĐ-TTG,QĐ,1,2,bvmt-sct-vn,bvmt-sct-vn,,,,,,
QĐ 1758/QĐ-UBND,QĐ,1,1,kccn-sct-vn,,,,,,,
QĐ 1751/QĐ-UBND,QĐ,1,1,kccn-sct-vn,,,,,,,
QĐ 1696/QĐ-UBND,QĐ,1,20,hnh-sct-vn,hnh-sct-vn,,,,,,
QĐ 1693/QĐ-UBND,QĐ,1,1,kccn-sct-vn,,,,,,,
QĐ 1658/QĐ-UBND,QĐ,1,2,qlks-sct-vn,,,,,,,
QĐ 1637/QĐ-UBND,QĐ,1,1,kccn-sct-vn,,,,,,,
QĐ 1627/QĐ-TTG,QĐ,1,1,kccn-sct-vn,,,,,,,
QĐ 1626/QĐ-TTG,QĐ,2,13,qlks-sct-vn;quy-hoach-ct-vn,,,,,,,
QĐ 1613/QĐ-XPHC,QĐ,1,1,qlks-sct-vn,,,,,,,
QĐ 1609/QĐ-BCT,QĐ,1,6,pccc-sct-vn,,,,,,,
QĐ 1522/QĐ-UBND,QĐ,1,2,hnh-sct-vn,,,,,,,
QĐ 1437/QĐ-UBND,QĐ,1,1,qlks-sct-vn,,,,,,,
QĐ 1422/QĐ-TTG,QĐ,1,3,bvmt-sct-vn,bvmt-sct-vn,,,,,,
QĐ 1415/QĐ-UBND,QĐ,1,1,kccn-sct-vn,,,,,,,
QĐ 1407/QĐ-UBND,QĐ,2,3,kccn-sct-vn;qlks-sct-vn,,,,,,,
QĐ 1402/QĐ-SCT,QĐ,1,1,hc-sct-vn,,,,,,,
QĐ 1397/QĐ-UBND,QĐ,1,1,kccn-sct-vn,,,,,,,
QĐ 1390/QĐ-BCT,QĐ,1,4,attp-sct-vn,,,,,,,
QĐ 1382/QĐ-UBND,QĐ,3,10,dacn-sct-vn;kccn-sct-vn;quy-hoach-ct-vn,,,,,,,
QĐ 1369/2020/QĐ-TTG,QĐ,1,1,vbhc-vn,,,,,,,
QĐ 1311/QĐ-UBND,QĐ,1,1,qlks-sct-vn,,,,,,,
QĐ 1277/QĐ-TTG,QĐ,2,5,kccn-sct-vn;qlks-sct-vn,,,,,,,
QĐ 1268/QĐ-SCT,QĐ,2,5,hl-vlncn-sct-vn;sd-vlncn-sct-vn,,,,,,,
QĐ 1215/QĐ-BNN,QĐ,1,1,bvmt-sct-vn,bvmt-sct-vn,,,,,,
QĐ 1213/QĐ-BCT,QĐ,1,10,hnh-sct-vn,,,,,,,
QĐ 1186/QĐ-UBND,QĐ,1,1,kccn-sct-vn,,,,,,,
QĐ 1142/QĐ-SCT,QĐ,1,1,attp-sct-vn,,,,,,,
QĐ 1099/QĐ-UBND,QĐ,1,1,vbhc-vn,,,,,,,
QĐ 1094/QĐ-SCT,QĐ,2,8,xp-hc-vlncn-sct-vn;xp-sct-vn,,,,,,,
QĐ 1086/QĐ-TTG,QĐ,2,3,kccn-sct-vn;quy-hoach-ct-vn,,,,,,,
QĐ 1074/QĐ-BXD,QĐ,2,11,pccc-sct-vn;xp-sct-vn,pccc-sct-vn,,,,,,
QĐ 1050/QĐ-SCT,QĐ,4,7,hl-vlncn-sct-vn;sd-vlncn-sct-vn;xp-hc-vlncn-sct-vn;xp-sct-vn,,,,,,,
QĐ 1012/QĐ-UBND,QĐ,1,1,kccn-sct-vn,,,,,,,
QĐ 10/QĐ-BN,QĐ,1,1,sd-vlncn-sct-vn,bvmt-sct-vn,,,,,,
QĐ 128/QĐ-HC,QĐ,1,1,hc-sct-vn,,,,,,,
QĐ 129/QĐ-BQL,QĐ,1,1,kccn-sct-vn,kccn-sct-vn,,,,,,
QĐ 130/QĐ-BQL,QĐ,1,1,kccn-sct-vn,kccn-sct-vn,,,,,,
QĐ 148/QĐ-TTG,QĐ,1,2,bvmt-sct-vn,,,,,,,
QĐ 161/QĐ-BQLCKCN,QĐ,1,1,kccn-sct-vn,,,,,,,
QĐ 17/QĐ-HĐTV,QĐ,1,2,bvmt-sct-vn,bvmt-sct-vn,,,,,,
QĐ 217/QĐ-UBND,QĐ,1,2,attp-sct-vn,,,,,,,
QĐ 226/QĐ-BQLCKCN,QĐ,1,5,kccn-sct-vn,kccn-sct-vn,,,,,,
QĐ 232/QĐ-TTG,QĐ,1,4,bvmt-sct-vn,bvmt-sct-vn,,,,,,
QĐ 245/QĐ-UBND,QĐ,1,1,kccn-sct-vn,,,,,,,
QĐ 26/QĐ-XPVPHC,QĐ,1,6,hc-sct-vn,bvmt-sct-vn,,,,,,
QĐ 262/QĐ-TTG,QĐ,1,6,quy-hoach-ct-vn,,,,,,,
QĐ 263/QĐ-TTG,QĐ,1,3,bvmt-sct-vn,,,,,,,
QĐ 298/QĐ-UBND,QĐ,1,1,kccn-sct-vn,,,,,,,
QĐ 3/QĐ-UBND,QĐ,1,1,kccn-sct-vn,kccn-sct-vn,,,,,,
QĐ 316/QĐ-TTG,QĐ,2,3,kccn-sct-vn;quy-hoach-ct-vn,,,,,,,
QĐ 333/QĐ-TTG,QĐ,1,2,quy-hoach-ct-vn,,,,,,,
QĐ 334/QĐ-BCT,QĐ,1,7,bvmt-sct-vn,bvmt-sct-vn,,,,,,
QĐ 369/QĐ-TTG,QĐ,1,1,kccn-sct-vn,,,,,,,
QĐ 39/QĐ-HĐTV,QĐ,1,2,bvmt-sct-vn,bvmt-sct-vn,,,,,,
QĐ 4/QĐ-SCT,QĐ,2,3,sct-laocai-org-vn;sd-vlncn-sct-vn,bvmt-sct-vn,,,,,,
QĐ 40/QĐ-HĐTV,QĐ,1,2,bvmt-sct-vn,bvmt-sct-vn,,,,,,
QĐ 409/QĐ-BXD,QĐ,2,3,tkm-sct-vn;xd-sct-vn,,,,,,,
QĐ 419/QĐ-TTG,QĐ,1,2,bvmt-sct-vn,bvmt-sct-vn,,,,,,
QĐ 425/QĐ-BXD,QĐ,1,13,kccn-sct-vn,kccn-sct-vn,,,,,,
QĐ 435/QĐ-UBND,QĐ,1,1,sd-vlncn-sct-vn,,,,,,,
QĐ 464/QĐ-BCT,QĐ,1,2,hc-sct-vn,,,,,,,
QĐ 47/QĐ-HĐTV,QĐ,1,2,bvmt-sct-vn,bvmt-sct-vn,,,,,,
QĐ 476/QĐ-TTG,QĐ,1,1,vbhc-vn,,,,,,,
QĐ 482/QĐ-UBND,QĐ,1,1,sd-vlncn-sct-vn,,,,,,,
QĐ 488/QĐ-UBND,QĐ,1,1,sd-vlncn-sct-vn,,,,,,,
QĐ 500/QĐ-TTG,QĐ,1,2,quy-hoach-ct-vn,,,,,,,
QĐ 504/QĐ-BNNMT,QĐ,1,2,qlks-sct-vn,,,,,,,
QĐ 525/QĐ-UBND,QĐ,7,54,bvmt-sct-vn;dacn-sct-vn;kccn-sct-vn;qlks-sct-vn;quy-hoach-ct-vn;tkm-sct-vn;xd-sct-vn,,25/02/2026,,,,,Quy hoạch tỉnh Lào Cai (điều chỉnh)
QĐ 536/QĐ-UBND,QĐ,1,1,kccn-sct-vn,,,,,,,
QĐ 555/QĐ-BCT,QĐ,1,8,hnh-sct-vn,,,,,,,
QĐ 564/QĐ-SCT,QĐ,1,8,hl-vlncn-sct-vn,,,,,,,
QĐ 575/QĐ-TTG,QĐ,1,2,qlks-sct-vn,,,,,,,
QĐ 59/QĐ-SCT,QĐ,3,15,attp-sct-vn;sct-laocai-org-vn;sd-vlncn-sct-vn,,,,,,,
QĐ 599/QĐ-UBND,QĐ,1,1,sd-vlncn-sct-vn,,,,,,,
QĐ 628/QĐ-BCT,QĐ,1,3,qlks-sct-vn,,,,,,,
QĐ 630/QĐ-UBND,QĐ,1,1,kccn-sct-vn,,,,,,,
QĐ 678/QĐ-SNNMT,QĐ,2,5,bvmt-sct-vn;kccn-sct-vn,,,,,,,
QĐ 68/QĐ-UBND,QĐ,2,14,attp-sct-vn;xp-sct-vn,,09/01/2026,,,,,Uỷ quyền cấp GCN ATTP
QĐ 699/QĐ-BNNMT,QĐ,1,11,bvmt-sct-vn,bvmt-sct-vn,,,,,,
QĐ 7/QĐ-BQLCKCN,QĐ,1,6,kccn-sct-vn,bvmt-sct-vn;kccn-sct-vn;pccc-sct-vn,,,,,,
QĐ 72/QĐ-TT,QĐ,1,1,qlks-sct-vn,,,,,,,
QĐ 766/QĐ-SCT,QĐ,1,2,sd-vlncn-sct-vn,,,,,,,
QĐ 767/QĐ-UBND,QĐ,1,3,kccn-sct-vn,,,,,,,
QĐ 768/QĐ-TTG,QĐ,2,98,kccn-sct-vn;quy-hoach-ct-vn,,,,,,,
QĐ 777/QĐ-UBND,QĐ,1,7,qlks-sct-vn,,,,,,,
QĐ 864/QĐ-BXD,QĐ,1,3,pccc-sct-vn,,,,,,,
QĐ 866/QĐ-TTG,QĐ,4,20,kccn-sct-vn;qlks-sct-vn;quy-hoach-ct-vn;tkm-sct-vn,,,,,,,
QĐ 884/QĐ-UBND,QĐ,1,1,sd-vlncn-sct-vn,,,,,,,
QĐ 896/QĐ-TTG,QĐ,1,3,bvmt-sct-vn,bvmt-sct-vn,,,,,,
QĐ 898/QĐ-UBND,QĐ,1,1,kccn-sct-vn,,,,,,,
QĐ 904/QĐ-UBND,QĐ,1,7,attp-sct-vn,attp-sct-vn,,,,,,
QĐ 917/QĐ-UBND,QĐ,1,3,hc-sct-vn,,,,,,,
QĐ 94/QĐ-BQL,QĐ,1,3,kccn-sct-vn,,,,,,,
QĐ 942/QĐ-TTG,QĐ,1,3,bvmt-sct-vn,,,,,,,
QĐ 949/QĐ-UBND,QĐ,1,1,kccn-sct-vn,,,,,,,
QĐ 95/QĐ-BQL,QĐ,1,1,kccn-sct-vn,,,,,,,
QĐ 96/QĐ-BQL,QĐ,1,3,kccn-sct-vn,,,,,,,
QĐ 960/QĐ-UBND,QĐ,1,1,sd-vlncn-sct-vn,,,,,,,
NQ 12/2026/NQ-HĐND,NQ,1,8,bvmt-sct-vn,bvmt-sct-vn,,,,,,
NQ 15/2026/NQ-CP,NQ,1,4,attp-sct-vn,attp-sct-vn;bvmt-sct-vn;hnh-sct-vn;kccn-sct-vn,,,,,,Tạm ngưng NĐ 46/2026 (ATTP)
NQ 18/2026/NQ-CP,NQ,1,2,xd-sct-vn,hnh-sct-vn;xd-sct-vn,,,,,,
NQ 19/2026/NQ-CP,NQ,3,9,attp-sct-vn;hnh-sct-vn;kccn-sct-vn,bvmt-sct-vn;hnh-sct-vn;kccn-sct-vn,,,,,,
NQ 24/2026/NQ-CP,NQ,1,2,xd-sct-vn,hc-sct-vn;xd-sct-vn,,,,,,
NQ 66.13/2026/NQ-CP,NQ,1,2,attp-sct-vn,attp-sct-vn,,,,,,
NQ 66.16/2026/NQ-CP,NQ,1,6,attp-sct-vn,,,,,,,
NQ 66.18/2026/NQ-CP,NQ,5,11,attp-sct-vn;hnh-sct-vn;kccn-sct-vn;kho-vlncn-sct-vn;xd-sct-vn,xd-sct-vn,,,,,,
NQ 66.19/2026/NQ-CP,NQ,3,13,bvmt-sct-vn;kccn-sct-vn;qlks-sct-vn,qlks-sct-vn,,,,,,
NQ 9/2026/NQ-CP,NQ,1,3,attp-sct-vn,,,,,,,
NQ 19/2025/NQ-HĐND,NQ,1,2,kccn-sct-vn,qlks-sct-vn,,,,,,
NQ 2/2025/NQ-CP,NQ,1,1,qlks-sct-vn,kccn-sct-vn;xd-sct-vn,,,,,,
NQ 66.10/2025/NQ-CP,NQ,1,1,kccn-sct-vn,,,,,,,
NQ 66.4/2025/NQ-CP,NQ,1,2,qlks-sct-vn,,,,,,,
NQ 1/NQ-CP,NQ,2,10,bpb-sct-vn;dacn-sct-vn,,,,,,,
NQ 109/NQ-CP,NQ,1,2,dacn-sct-vn,,,,,,,
NQ 122/NQ-CP,NQ,1,2,bvmt-sct-vn,,,,,,,
NQ 168/NQ-CP,NQ,1,1,qlks-sct-vn,,,,,,,
NQ 169/NQ-CP,NQ,2,13,bpb-sct-vn;dacn-sct-vn,,27/6/2026,,,,,Mục tiêu tăng trưởng — dacn-sct-vn
NQ 235/NQ-CP,NQ,1,3,bvmt-sct-vn,bvmt-sct-vn,,,,,,
NQ 25/NQ-HĐND,NQ,3,4,kccn-sct-vn;qlks-sct-vn;quy-hoach-ct-vn,,,,,,,
NQ 48/NQ-HĐND,NQ,1,1,kccn-sct-vn,,,,,,,
NQ 5/NQ-HĐND,NQ,2,2,kccn-sct-vn;quy-hoach-ct-vn,,,,,,,
NQ 51/NQ-HĐND,NQ,1,1,kccn-sct-vn,,,,,,,
NQ 66/NQ-CP,NQ,1,1,kccn-sct-vn,attp-sct-vn;hnh-sct-vn;qlks-sct-vn;xd-sct-vn,,,,,,
NQ 96/NQ-CP,NQ,1,1,kccn-sct-vn,,,,,,,
QCVN 01:2025/BTNMT,QCVN,1,2,bvmt-sct-vn,bvmt-sct-vn,,,,,,
QCVN 10:2025/BCA,QCVN,1,7,pccc-sct-vn,hl-vlncn-sct-vn;kho-vlncn-sct-vn;sd-vlncn-sct-vn;tkm-sct-vn,,,,,,
QCVN 26:2025/BNNMT,QCVN,1,1,bvmt-sct-vn,kccn-sct-vn,,,,,,
QCVN 27:2025/BNNMT,QCVN,1,1,bvmt-sct-vn,bvmt-sct-vn;kccn-sct-vn,,,,,,
QCVN 40:2025/BTNMT,QCVN,3,4,bvmt-sct-vn;kccn-sct-vn;qlks-sct-vn,,,,,,,
QCVN 07:2023/BXD,QCVN,1,3,kccn-sct-vn,,,,,,,
QCVN 06:2022/BXD,QCVN,3,17,kccn-sct-vn;kho-vlncn-sct-vn;pccc-sct-vn,bvmt-sct-vn,,,,,,
QCVN 01:2021/BXD,QCVN,2,9,bvmt-sct-vn;kccn-sct-vn,xp-sct-vn,,,,,,
QCVN 01:2020/BCT,QCVN,2,8,pccc-sct-vn;tkm-sct-vn,,,,,,,
QCVN 04:2020/BCT,QCVN,1,5,kho-vlncn-sct-vn,kho-vlncn-sct-vn;xp-sct-vn,,,,,,
QCVN 05A:2020/BCT,QCVN,3,17,hc-sct-vn;pccc-sct-vn;xp-sct-vn,hc-sct-vn,,,,,,
QCVN 05B:2020/BCT,QCVN,1,1,pccc-sct-vn,hc-sct-vn,,,,,,
QCVN 01:2019/BCT,QCVN,9,113,hl-vlncn-sct-vn;kho-vlncn-sct-vn;pccc-sct-vn;qlks-sct-vn;sd-vlncn-sct-vn;tkm-sct-vn;xd-sct-vn;xp-hc-vlncn-sct-vn;xp-sct-vn,kho-vlncn-sct-vn,,,,,,
QCVN 02:2019/BCT,QCVN,1,5,pccc-sct-vn,,,,,,,
QCVN 03:2017/BCT,QCVN,1,5,tkm-sct-vn,,,,,,,
QCVN 04:2017/BCT,QCVN,3,11,qlks-sct-vn;sd-vlncn-sct-vn;tkm-sct-vn,,,,,,,
QCVN 02:2016/BCT,QCVN,1,5,tkm-sct-vn,,,,,,,
QCVN 04:2013/BCT,QCVN,1,1,pccc-sct-vn,,,,,,,
QCVN 01:2012/BCT,QCVN,1,1,kho-vlncn-sct-vn,,,,,,,
QCVN 01:2011/BCT,QCVN,2,11,qlks-sct-vn;tkm-sct-vn,,,,,,,
QCVN 02:2011/BCT,QCVN,2,9,qlks-sct-vn;tkm-sct-vn,,,,,,,
QCVN 40:2011/BTNMT,QCVN,1,1,kccn-sct-vn,,,,,,,
QCVN 06:2010/BXD,QCVN,1,2,kho-vlncn-sct-vn,,,,,,,
QCVN 04:2009/BCT,QCVN,2,15,qlks-sct-vn;tkm-sct-vn,,,,,,,
QCVN 02:2008/BCT,QCVN,1,1,kho-vlncn-sct-vn,,,,,,,
QCVN 14:2008/BTNMT,QCVN,1,1,kccn-sct-vn,,,,,,,
KL 10/KL-TT,KL,1,1,qlks-sct-vn,,,,,,,
KL 17/KL-TT,KL,1,1,qlks-sct-vn,,,,,,,
KL 18/KL-TT,KL,1,1,qlks-sct-vn,,,,,,,
KL 2/KL-TT,KL,1,1,qlks-sct-vn,,,,,,,
KL 2/KL-TTR,KL,1,1,qlks-sct-vn,,,,,,,
KL 45/KL-TT,KL,1,5,xp-sct-vn,,,,,,,
KL 48/KL-TT,KL,2,5,xp-hc-vlncn-sct-vn;xp-sct-vn,,,,,,,Kết luận thanh tra Hóa chất mỏ Tây Bắc — 3 vi phạm hết thời hiệu
