so_hieu,ngay_ban_hanh,ten,plugin_chu,duong_dan,dinh_dang,co_txt,kich_thuoc_kb,ngay_nap,ghi_chu
63/2026/TT-BCT,30/09/2026,Thông tư quy định về cơ sở dữ liệu thực phẩm thuộc phạm vi quản lý của Bộ Công Thương,attp-sct-vn,attp-sct-vn/skills/attp-sct-vn/van-ban-goc/2026.09.30 63.2026.TT.BCT Thông tư quy định về cơ sở dữ liệu thực phẩm thuộc phạm vi quản lý của Bộ Công Thương.docx,docx,co,15,2026-10-07,
3556/QĐ-UBND,30/09/2026,ban hanh Quy che du lieu TNMT,bvmt-sct-vn,bvmt-sct-vn/skills/bvmt-sct-vn/van-ban-goc/tinh/QD-3556-QD-UBND-30-9-2026-ban-hanh-Quy-che-du-lieu-TNMT.pdf,pdf,co,2872,2026-10-01,tên chưa chuẩn
,30/09/2026,Quy che kem QD 3556 QD UBND 30 9 2026 du lieu TNMT,bvmt-sct-vn,bvmt-sct-vn/skills/bvmt-sct-vn/van-ban-goc/tinh/Quy-che-kem-QD-3556-QD-UBND-30-9-2026-du-lieu-TNMT.pdf,pdf,co,609,2026-10-01,tên chưa chuẩn; không đọc được số hiệu
9387/UBND-KT,15/09/2026,UBND tinh trien khai CTr 104 giao So NNMT,bvmt-sct-vn,bvmt-sct-vn/skills/bvmt-sct-vn/van-ban-goc/dang/CV-9387-UBND-KT-15-9-2026-UBND-tinh-trien-khai-CTr-104-giao-So-NNMT.pdf,pdf,co,2866,2026-09-17,tên chưa chuẩn
257/QĐ-BQLCKCN,10/09/2026,dieu chinh CTDT lan 3 Mundus TEXT,kccn-sct-vn,kccn-sct-vn/skills/kccn-sct-vn/van-ban-goc/QD-257-QD-BQLCKCN-10-9-2026-dieu-chinh-CTDT-lan-3-Mundus-TEXT.txt,txt,co,14,2026-09-17,tên chưa chuẩn
347/2026/NĐ-CP,08/09/2026,sua doi ND 105 2025,pccc-sct-vn,pccc-sct-vn/skills/pccc-sct-vn/van-ban-goc/ND-347-2026-ND-CP-08-9-2026-sua-doi-ND-105-2025.docx,docx+pdf,co,1003,2026-09-24,tên chưa chuẩn
347/2026/NĐ-CP,08/09/2026,sua doi ND 105 2025,xd-sct-vn,xd-sct-vn/skills/xd-sct-vn/van-ban-goc/ND-347-2026-ND-CP-08-9-2026-sua-doi-ND-105-2025.docx,docx,co,36,2026-09-24,tên chưa chuẩn
2449-CV/ĐU,07/09/2026,Dang uy UBND tinh trien khai CTr 104,bvmt-sct-vn,bvmt-sct-vn/skills/bvmt-sct-vn/van-ban-goc/dang/CV-2449-CV-DU-07-9-2026-Dang-uy-UBND-tinh-trien-khai-CTr-104.pdf,pdf,co,2786,2026-09-17,tên chưa chuẩn
66.25/2026/NQ-CP,04/09/2026,04 9 2026 chuyen QLNN dia chat khoang san KCN ve Cong Thuong,qlks-sct-vn,qlks-sct-vn/skills/qlks-sct-vn/van-ban-goc/NQ-66.25-2026-NQ-CP-04-9-2026-chuyen-QLNN-dia-chat-khoang-san-KCN-ve-Cong-Thuong.pdf,pdf,co,9448,2026-09-17,tên chưa chuẩn; ocr; bản gốc ≥ 3 MB chỉ có trên GitHub
104-CTr/TU,30/08/2026,Tinh uy Lao Cai thuc hien KL 75 CTr 31,bvmt-sct-vn,bvmt-sct-vn/skills/bvmt-sct-vn/van-ban-goc/dang/CTr-104-CTr-TU-30-8-2026-Tinh-uy-Lao-Cai-thuc-hien-KL-75-CTr-31.pdf,pdf,co,4961,2026-09-17,tên chưa chuẩn; bản gốc ≥ 3 MB chỉ có trên GitHub
892/BC-SNNMT,28/08/2026,PHU LUC nhu cau kinh phi 2027 2029,bvmt-sct-vn,bvmt-sct-vn/skills/bvmt-sct-vn/van-ban-goc/BC-892-BC-SNNMT-28-8-2026-PHU-LUC-nhu-cau-kinh-phi-2027-2029.pdf,pdf,co,2077,2026-09-17,tên chưa chuẩn
892/BC-SNNMT,28/08/2026,kinh phi SNMT 2025 2026 KH 2027 2029,bvmt-sct-vn,bvmt-sct-vn/skills/bvmt-sct-vn/van-ban-goc/BC-892-BC-SNNMT-28-8-2026-kinh-phi-SNMT-2025-2026-KH-2027-2029.pdf,pdf,co,2905,2026-09-17,tên chưa chuẩn
904/BC-SNNMT,28/08/2026,ket qua kiem tra xac minh Dai Dong Tien,qlks-sct-vn,qlks-sct-vn/skills/qlks-sct-vn/van-ban-goc/BC-904-BC-SNNMT-28-8-2026-ket-qua-kiem-tra-xac-minh-Dai-Dong-Tien.pdf,pdf,co,2808,2026-09-17,tên chưa chuẩn
QĐ 2978/2026,21/08/2026,dieu chinh CTDT KCN Phu Xuan 1,kccn-sct-vn,kccn-sct-vn/skills/kccn-sct-vn/van-ban-goc/QD-2978-2026-dieu-chinh-CTDT-KCN-Phu-Xuan-1.pdf,pdf,co,3462,2026-09-17,tên chưa chuẩn; bản gốc ≥ 3 MB chỉ có trên GitHub
,21/08/2026,BB kiem tra thuc dia 21 8 2026 ranh gioi mo Dai Dong Tien Thanh Huong Nghia Lo,qlks-sct-vn,qlks-sct-vn/skills/qlks-sct-vn/van-ban-goc/BB-kiem-tra-thuc-dia-21-8-2026-ranh-gioi-mo-Dai-Dong-Tien-Thanh-Huong-Nghia-Lo.pdf,pdf,co,1275,2026-09-17,tên chưa chuẩn; không đọc được số hiệu; ocr
5116/QĐ-SCT,20/08/2026,giao nhiem vu lap bien ban VPHC khoang san ban ky so,xp-sct-vn,xp-sct-vn/skills/xp-sct-vn/van-ban-goc/khoang-san/2026.08.20-5116.QD.SCT-giao-nhiem-vu-lap-bien-ban-VPHC-khoang-san_ban-ky-so.pdf,pdf,co,2828,2026-09-17,
5085/SCT-VP,19/08/2026,Trien khai nhiem vu uy quyen VLNCN ban ky,sd-vlncn-sct-vn,sd-vlncn-sct-vn/skills/sd-vlncn-sct-vn/van-ban-goc/2026.08.19-5085.SCT.VP-Trien-khai-nhiem-vu-uy-quyen-VLNCN_ban-ky.pdf,pdf,co,2827,2026-09-17,
2867/QĐ-UBND,17/08/2026,Phu luc danh muc uy quyen ban trinh,sd-vlncn-sct-vn,sd-vlncn-sct-vn/skills/sd-vlncn-sct-vn/van-ban-goc/2026.08.17-2867.QD.UBND-Phu-luc-danh-muc-uy-quyen_ban-trinh.docx,docx,co,17,2026-09-17,
2867/QĐ-UBND,17/08/2026,Uy quyen GD SCT linh vuc VLNCN ban ky,sd-vlncn-sct-vn,sd-vlncn-sct-vn/skills/sd-vlncn-sct-vn/van-ban-goc/2026.08.17-2867.QD.UBND-Uy-quyen-GD-SCT-linh-vuc-VLNCN_ban-ky.pdf,pdf,co,2922,2026-09-17,
235/NQ-CP,14/08/2026,thoa thuan Dieu 6 VN Singapore,bvmt-sct-vn,bvmt-sct-vn/skills/bvmt-sct-vn/van-ban-goc/knk-bdkh/NQ-235-NQ-CP-14-8-2026-thoa-thuan-Dieu-6-VN-Singapore.txt,txt,co,2,2026-09-17,tên chưa chuẩn
2848/QĐ-UBND,14/08/2026,sua doi bo sung QD 1696,hnh-sct-vn,hnh-sct-vn/skills/hnh-sct-vn/van-ban-goc/04-uy-quyen-quy-trinh/QD-2848-QD-UBND-14-8-2026-sua-doi-bo-sung-QD-1696.pdf,pdf,co,3197,2026-09-17,tên chưa chuẩn; bản gốc ≥ 3 MB chỉ có trên GitHub
226/QĐ-BQLCKCN,14/08/2026,dieu chinh bo sung HDTD quy hoach KCN,kccn-sct-vn,kccn-sct-vn/skills/kccn-sct-vn/van-ban-goc/QD-226-QD-BQLCKCN-14-8-2026-dieu-chinh-bo-sung-HDTD-quy-hoach-KCN.pdf,pdf,co,2768,2026-09-17,tên chưa chuẩn
42/2026/QĐ-TTg,10/08/2026,danh muc co so kiem ke KNK,bvmt-sct-vn,bvmt-sct-vn/skills/bvmt-sct-vn/van-ban-goc/knk-bdkh/QD-42-2026-QD-TTg-10-8-2026-danh-muc-co-so-kiem-ke-KNK.txt,txt,co,417,2026-09-17,tên chưa chuẩn
8129/UBND-KT,10/08/2026,giao kiem tra xac minh kien nghi Dai Dong Tien,qlks-sct-vn,qlks-sct-vn/skills/qlks-sct-vn/van-ban-goc/CV-8129-UBND-KT-10-8-2026-giao-kiem-tra-xac-minh-kien-nghi-Dai-Dong-Tien.pdf,pdf,co,2898,2026-09-17,tên chưa chuẩn
129/QĐ-BQL,06/08/2026,DCCB QHPK KCN Phu Xuan,kccn-sct-vn,kccn-sct-vn/skills/kccn-sct-vn/van-ban-goc/QD-129-QD-BQL-06-8-2026-DCCB-QHPK-KCN-Phu-Xuan.pdf,pdf,co,719,2026-09-17,tên chưa chuẩn
130/QĐ-BQL,06/08/2026,DCCB QHPK KCN Phu Xuan 1,kccn-sct-vn,kccn-sct-vn/skills/kccn-sct-vn/van-ban-goc/QD-130-QD-BQL-06-8-2026-DCCB-QHPK-KCN-Phu-Xuan-1.pdf,pdf,co,712,2026-09-17,tên chưa chuẩn
QĐ 2736/2026,06/08/2026,HD lua chon CDT CCN Mong Son,kccn-sct-vn,kccn-sct-vn/skills/kccn-sct-vn/van-ban-goc/QD-2736-2026-HD-lua-chon-CDT-CCN-Mong-Son.pdf,pdf,co,2806,2026-09-17,tên chưa chuẩn
831/2026/TB-UBND,06/08/2026,Cam Duong tiep nhan ho so CCN Cam Duong 1,kccn-sct-vn,kccn-sct-vn/skills/kccn-sct-vn/van-ban-goc/TB-831-2026-UBND-Cam-Duong-tiep-nhan-ho-so-CCN-Cam-Duong-1.pdf,pdf,co,726,2026-09-17,tên chưa chuẩn
311/2026/NĐ-CP,06/08/2026,sua doi ND 189 2025,xp-sct-vn,xp-sct-vn/skills/xp-sct-vn/van-ban-goc/chung/ND-311-2026-NDCP-sua-doi-ND-189-2025.docx,docx,co,12,2026-09-17,tên chưa chuẩn
7962/UBND-NC,06/08/2026,chi dao thuc hien KL48,xp-sct-vn,xp-sct-vn/skills/xp-sct-vn/vi-du-thuc-te/bo-ho-so-kiem-tra-HCM-TayBac/CV-7962-UBND-NC-06.8.2026-chi-dao-thuc-hien-KL48.pdf,pdf,khong,2871,2026-09-17,tên chưa chuẩn; vi-du-thuc-te
28/CV-ĐĐT,04/08/2026,kien nghi lan chiem ranh gioi mo Dai Dong Tien,qlks-sct-vn,qlks-sct-vn/skills/qlks-sct-vn/van-ban-goc/CV-28-CV-DDT-04-8-2026-kien-nghi-lan-chiem-ranh-gioi-mo-Dai-Dong-Tien.pdf,pdf,co,6067,2026-09-17,tên chưa chuẩn; ocr; bản gốc ≥ 3 MB chỉ có trên GitHub
31-CTr/TW,28/07/2026,Bo Chinh tri thuc hien KL 75,bvmt-sct-vn,bvmt-sct-vn/skills/bvmt-sct-vn/van-ban-goc/dang/CTr-31-CTr-TW-28-7-2026-Bo-Chinh-tri-thuc-hien-KL-75.pdf,pdf,co,3239,2026-09-17,tên chưa chuẩn; ocr; bản gốc ≥ 3 MB chỉ có trên GitHub
75-KL/TW,28/07/2026,BVMT BDKH thoi ky moi,bvmt-sct-vn,bvmt-sct-vn/skills/bvmt-sct-vn/van-ban-goc/dang/KL-75-KL-TW-28-7-2026-BVMT-BDKH-thoi-ky-moi.pdf,pdf,co,1789,2026-09-17,tên chưa chuẩn; ocr
6987/SNNMT-KS,23/07/2026,nghia vu sau cap phep mo dat hiem Ben Den KhanhAn,qlks-sct-vn,qlks-sct-vn/skills/qlks-sct-vn/van-ban-goc/CV-6987-SNNMT-KS-23-7-2026-nghia-vu-sau-cap-phep-mo-dat-hiem-Ben-Den-KhanhAn.txt,txt,co,14,2026-09-17,tên chưa chuẩn
7432/UBND-XD,21/07/2026,trien khai QD 1074,pccc-sct-vn,pccc-sct-vn/skills/pccc-sct-vn/van-ban-goc/CV-7432-UBND-XD-21-7-2026-trien-khai-QD-1074.pdf,pdf,co,2841,2026-09-17,tên chưa chuẩn
288/2026/NĐ-CP,21/07/2026,sua doi ND 122 2021,xp-sct-vn,xp-sct-vn/skills/xp-sct-vn/van-ban-goc/dau-tu/ND-288-2026-NDCP-sua-doi-ND-122-2021.docx,docx,co,9,2026-09-17,tên chưa chuẩn
6791/SNNMT,17/07/2026,y kien tham dinh CCN Bao Dap,qlks-sct-vn,qlks-sct-vn/skills/qlks-sct-vn/van-ban-goc/CV-6791-SNNMT-17-7-2026-y-kien-tham-dinh-CCN-Bao-Dap.pdf,pdf,co,2876,2026-09-17,tên chưa chuẩn
6795/SNNMT-KS,17/07/2026,nghia vu sau cap phep mo Quy Xa,qlks-sct-vn,qlks-sct-vn/skills/qlks-sct-vn/van-ban-goc/CV-6795-SNNMT-KS-17-7-2026-nghia-vu-sau-cap-phep-mo-Quy-Xa.txt,txt,co,13,2026-09-17,tên chưa chuẩn
QĐ 2463/2026,16/07/2026,CTDT KCN Vo Lao,kccn-sct-vn,kccn-sct-vn/skills/kccn-sct-vn/van-ban-goc/QD-2463-2026-CTDT-KCN-Vo-Lao.pdf,pdf,co,3309,2026-09-17,tên chưa chuẩn; bản gốc ≥ 3 MB chỉ có trên GitHub
283/2026/NĐ-CP,15/07/2026,xu phat lao dong BHXH NLD di lam viec nuoc ngoai,atvsld-sct-vn,atvsld-sct-vn/skills/atvsld-sct-vn/van-ban-goc/ND-283-2026-NDCP-xu-phat-lao-dong-BHXH-NLD-di-lam-viec-nuoc-ngoai.docx,docx,co,55,2026-09-17,tên chưa chuẩn
283/2026/NĐ-CP,15/07/2026,xu phat lao dong,atvsld-sct-vn,atvsld-sct-vn/skills/atvsld-sct-vn/van-ban-goc/ND-283-2026-NDCP-xu-phat-lao-dong.txt,txt,co,283,2026-09-17,tên chưa chuẩn
31/2026/TT-BNNMT,15/07/2026,dinh gia rung chi tra cac bon,bvmt-sct-vn,bvmt-sct-vn/skills/bvmt-sct-vn/van-ban-goc/knk-bdkh/TT-31-2026-TT-BNNMT-15-7-2026-dinh-gia-rung-chi-tra-cac-bon.txt,txt,co,104,2026-09-17,tên chưa chuẩn
283/2026/NĐ-CP,15/07/2026,xu phat lao dong BHXH,xp-sct-vn,xp-sct-vn/skills/xp-sct-vn/van-ban-goc/lao-dong/ND-283-2026-NDCP-xu-phat-lao-dong-BHXH.docx,docx,co,55,2026-09-17,tên chưa chuẩn
281/2026/NĐ-CP,13/07/2026,sua doi ND 123 2024,xp-sct-vn,xp-sct-vn/skills/xp-sct-vn/van-ban-goc/dat-dai/ND-281-2026-NDCP-sua-doi-ND-123-2024.docx,docx,co,11,2026-09-17,tên chưa chuẩn
7103/UBND-TH,10/07/2026,trien khai ND178,kccn-sct-vn,kccn-sct-vn/skills/kccn-sct-vn/van-ban-goc/CV-7103-UBND-TH-10-7-2026-trien-khai-ND178.pdf,pdf,co,2923,2026-09-17,tên chưa chuẩn
QĐ 2390/2026,09/07/2026,KH dau tu cong trung han 2026 2030,kccn-sct-vn,kccn-sct-vn/skills/kccn-sct-vn/van-ban-goc/QD-2390-2026-KH-dau-tu-cong-trung-han-2026-2030.pdf,pdf,co,3477,2026-09-17,tên chưa chuẩn; bản gốc ≥ 3 MB chỉ có trên GitHub
275/2026/NĐ-CP,08/07/2026,xu phat VPHC hoa chat VLNCN,xp-hc-vlncn-sct-vn,xp-hc-vlncn-sct-vn/skills/xp-hc-vlncn-sct-vn/van-ban-goc/ND-275-2026-NDCP-xu-phat-VPHC-hoa-chat-VLNCN.docx,docx,co,41,2026-09-17,tên chưa chuẩn
275/2026/NĐ-CP,08/07/2026,xu phat VPHC hoa chat VLNCN,xp-sct-vn,xp-sct-vn/skills/xp-sct-vn/van-ban-goc/ND-275-2026-NDCP-xu-phat-VPHC-hoa-chat-VLNCN.docx,docx,co,41,2026-09-17,tên chưa chuẩn
45/KL-TT,05/07/2026,Thanh tra tinh Viglacera,xp-sct-vn,xp-sct-vn/skills/xp-sct-vn/vi-du-thuc-te/KL-45-Viglacera-thanh-tra-tinh/KL-45-KL-TT-05.7.2026-Thanh-tra-tinh-Viglacera.pdf,pdf,khong,26116,2026-09-17,tên chưa chuẩn; vi-du-thuc-te; bản gốc ≥ 3 MB chỉ có trên GitHub
KH 3957,03/07/2026,Kiem tra cap GCN 19 don vi,hl-vlncn-sct-vn,hl-vlncn-sct-vn/skills/hl-vlncn-sct-vn/vi-du-thuc-te/KH-3957_3.7.2026_Kiem-tra-cap-GCN-19-don-vi.docx,docx,khong,41,2026-09-17,tên chưa chuẩn; vi-du-thuc-te
TB 3915,01/07/2026,Huan luyen nguoi quan ly,hl-vlncn-sct-vn,hl-vlncn-sct-vn/skills/hl-vlncn-sct-vn/vi-du-thuc-te/TB-3915_1.7.2026_Huan-luyen-nguoi-quan-ly.docx,docx,khong,28,2026-09-17,tên chưa chuẩn; vi-du-thuc-te
49/2026/QĐ-UBND,30/06/2026,chi tiet Luat Dat dai Lao Cai,dat-dai-sct-vn,dat-dai-sct-vn/skills/dat-dai-sct-vn/van-ban-goc/tinh/QD-49-2026-QD-UBND-chi-tiet-Luat-Dat-dai-Lao-Cai.docx,docx,co,38,2026-10-02,tên chưa chuẩn
KH 3898,30/06/2026,Huan luyen nguoi quan ly,hl-vlncn-sct-vn,hl-vlncn-sct-vn/skills/hl-vlncn-sct-vn/vi-du-thuc-te/KH-3898_30.6.2026_Huan-luyen-nguoi-quan-ly.docx,docx,khong,41,2026-09-17,tên chưa chuẩn; vi-du-thuc-te
,30/06/2026,GCN DKDT KCN Ban Qua 30 6 2026,kccn-sct-vn,kccn-sct-vn/skills/kccn-sct-vn/van-ban-goc/GCN-DKDT-KCN-Ban-Qua-30-6-2026.pdf,pdf,co,1101,2026-09-17,tên chưa chuẩn; không đọc được số hiệu
1074/QĐ-BXD,29/06/2026,,pccc-sct-vn,pccc-sct-vn/skills/pccc-sct-vn/van-ban-goc/QD-1074-QD-BXD-29-6-2026.pdf,pdf,co,436,2026-09-17,tên chưa chuẩn
,29/06/2026,Tai lieu giai phap nang cao PCCC kem QD 1074,pccc-sct-vn,pccc-sct-vn/skills/pccc-sct-vn/van-ban-goc/Tai-lieu-giai-phap-nang-cao-PCCC-kem-QD-1074.pdf,pdf,co,3185,2026-09-17,tên chưa chuẩn; không đọc được số hiệu; bản gốc ≥ 3 MB chỉ có trên GitHub
2272/QĐ-UBND,29/06/2026,Co quan tiep nhan ho so GCN san xuat tien chat thuoc no ban du thao,sd-vlncn-sct-vn,sd-vlncn-sct-vn/skills/sd-vlncn-sct-vn/van-ban-goc/2026.06.29-2272.QD.UBND-Co-quan-tiep-nhan-ho-so-GCN-san-xuat-tien-chat-thuoc-no_ban-du-thao.docx,docx,co,27,2026-09-17,
2272/QĐ-UBND,29/06/2026,Co quan tiep nhan ho so GCN san xuat tien chat thuoc no ban ky,sd-vlncn-sct-vn,sd-vlncn-sct-vn/skills/sd-vlncn-sct-vn/van-ban-goc/2026.06.29-2272.QD.UBND-Co-quan-tiep-nhan-ho-so-GCN-san-xuat-tien-chat-thuoc-no_ban-ky.pdf,pdf,co,2919,2026-09-17,
47/2026/QĐ-UBND,28/06/2026,trinh tu thu tuc dat dai,dat-dai-sct-vn,dat-dai-sct-vn/skills/dat-dai-sct-vn/van-ban-goc/tinh/QD-47-2026-QD-UBND-trinh-tu-thu-tuc-dat-dai.docx,docx,co,241,2026-10-02,tên chưa chuẩn
36/2026/TT-BXD,26/06/2026,chi phi dau tu xay dung,xd-sct-vn,xd-sct-vn/skills/xd-sct-vn/van-ban-goc/TT-36-2026-TT-BXD-chi-phi-dau-tu-xay-dung.docx,docx,co,272,2026-09-17,tên chưa chuẩn
39/2026/TT-BXD,26/06/2026,CSDL quoc gia HDXD,xd-sct-vn,xd-sct-vn/skills/xd-sct-vn/van-ban-goc/TT-39-2026-TT-BXD-CSDL-quoc-gia-HDXD.docx,docx,co,137,2026-09-17,tên chưa chuẩn
,25/06/2026,Huong dan lien nganh 24 N2O,hc-sct-vn,hc-sct-vn/skills/hc-sct-vn/van-ban-goc/06-danh-muc-cong-van/Huong-dan-lien-nganh-24-N2O.pdf,pdf,co,864,2026-09-17,tên chưa chuẩn; không đọc được số hiệu
QĐ 3770,25/06/2026,Cong nhan KQ XD Mien Bac,hl-vlncn-sct-vn,hl-vlncn-sct-vn/skills/hl-vlncn-sct-vn/vi-du-thuc-te/QD-3770_25.6.2026_Cong-nhan-KQ-XD-Mien-Bac.docx,docx,khong,28,2026-09-17,tên chưa chuẩn; vi-du-thuc-te
34/2026/TT-BXD,25/06/2026,cap cong trinh,xd-sct-vn,xd-sct-vn/skills/xd-sct-vn/van-ban-goc/TT-34-2026-TT-BXD-cap-cong-trinh.docx,docx,co,80,2026-09-17,tên chưa chuẩn
QĐ 3728,24/06/2026,Cong nhan KQ Xi mang Yen Binh,hl-vlncn-sct-vn,hl-vlncn-sct-vn/skills/hl-vlncn-sct-vn/vi-du-thuc-te/QD-3728_24.6.2026_Cong-nhan-KQ-Xi-mang-Yen-Binh.docx,docx,khong,37,2026-09-17,tên chưa chuẩn; vi-du-thuc-te
QĐ 2170/2026,23/06/2026,CTDT KCN Ban Qua,kccn-sct-vn,kccn-sct-vn/skills/kccn-sct-vn/van-ban-goc/QD-2170-2026-CTDT-KCN-Ban-Qua.pdf,pdf,co,3429,2026-09-17,tên chưa chuẩn; bản gốc ≥ 3 MB chỉ có trên GitHub
8388/BTC-QLCS,19/06/2026,trien khai ND178,kccn-sct-vn,kccn-sct-vn/skills/kccn-sct-vn/van-ban-goc/CV-8388-BTC-QLCS-19-6-2026-trien-khai-ND178.pdf,pdf,co,1513,2026-09-17,tên chưa chuẩn; ocr
BĐK 72,19/06/2026,CV VS thu hoi da op lat di kem Viet Son Tang Loong,qlks-sct-vn,qlks-sct-vn/skills/qlks-sct-vn/vi-du-thuc-te/BDK-72-CV-VS-19-6-2026-thu-hoi-da-op-lat-di-kem-Viet-Son-Tang-Loong.pdf,pdf,khong,1135,2026-09-17,tên chưa chuẩn; vi-du-thuc-te
217/2026/NĐ-CP,19/06/2026,quan ly hoat dong xay dung,xd-sct-vn,xd-sct-vn/skills/xd-sct-vn/van-ban-goc/ND-217-2026-quan-ly-hoat-dong-xay-dung.pdf,pdf,co,18275,2026-09-17,tên chưa chuẩn; ocr; bản gốc ≥ 3 MB chỉ có trên GitHub
212/2026/NĐ-CP,17/06/2026,dieu kien nang luc HDXD CSDL quoc gia,xd-sct-vn,xd-sct-vn/skills/xd-sct-vn/van-ban-goc/ND-212-2026-dieu-kien-nang-luc-HDXD-CSDL-quoc-gia.docx,docx,co,281,2026-09-17,tên chưa chuẩn
43/2026/QĐ-UBND,16/06/2026,nghiem thu san pham dat dai,dat-dai-sct-vn,dat-dai-sct-vn/skills/dat-dai-sct-vn/van-ban-goc/tinh/QD-43-2026-QD-UBND-nghiem-thu-san-pham-dat-dai.docx,docx,co,15,2026-10-02,tên chưa chuẩn
207/2026/NĐ-CP,15/06/2026,QLCL thi cong bao tri,xd-sct-vn,xd-sct-vn/skills/xd-sct-vn/van-ban-goc/ND-207-2026-QLCL-thi-cong-bao-tri.docx,docx,co,69,2026-09-17,tên chưa chuẩn
5973/UBND-KT,11/06/2026,tang cuong thanh kiem tra KS,qlks-sct-vn,qlks-sct-vn/skills/qlks-sct-vn/van-ban-goc/CV-5973-UBND-KT-11-6-2026-tang-cuong-thanh-kiem-tra-KS.txt,txt,co,21,2026-09-17,tên chưa chuẩn
2200/QĐ-BNNMT,10/06/2026,ke hoach trien khai ND 180,bvmt-sct-vn,bvmt-sct-vn/skills/bvmt-sct-vn/van-ban-goc/knk-bdkh/QD-2200-QD-BNNMT-10-6-2026-ke-hoach-trien-khai-ND-180.txt,txt,co,13,2026-09-17,tên chưa chuẩn
47/QĐ-HĐTV,05/06/2026,HDTV VNX quy che giao dich,bvmt-sct-vn,bvmt-sct-vn/skills/bvmt-sct-vn/van-ban-goc/knk-bdkh/QD-47-QD-HDTV-05-6-2026-VNX-quy-che-giao-dich.txt,txt,co,27,2026-09-17,tên chưa chuẩn
CV 3155,02/06/2026,Tu choi nguoi quan ly sai nganh Van Thinh,hl-vlncn-sct-vn,hl-vlncn-sct-vn/skills/hl-vlncn-sct-vn/vi-du-thuc-te/CV-3155_2.6.2026_Tu-choi-nguoi-quan-ly-sai-nganh_Van-Thinh.docx,docx,khong,34,2026-09-17,tên chưa chuẩn; vi-du-thuc-te
40/2026/QĐ-UBND,31/05/2026,phan cap tham quyen dat dai,dat-dai-sct-vn,dat-dai-sct-vn/skills/dat-dai-sct-vn/van-ban-goc/tinh/QD-40-2026-QD-UBND-phan-cap-tham-quyen-dat-dai.docx,docx,co,10,2026-10-02,tên chưa chuẩn
TB 3059,29/05/2026,Kiem tra Sin Quyen 2 dot,hl-vlncn-sct-vn,hl-vlncn-sct-vn/skills/hl-vlncn-sct-vn/vi-du-thuc-te/TB-3059_29.5.2026_Kiem-tra-Sin-Quyen-2-dot.docx,docx,khong,26,2026-09-17,tên chưa chuẩn; vi-du-thuc-te
39/QĐ-HĐTV,28/05/2026,HDTV VNX quy che CNTT ket noi,bvmt-sct-vn,bvmt-sct-vn/skills/bvmt-sct-vn/van-ban-goc/knk-bdkh/QD-39-QD-HDTV-28-5-2026-VNX-quy-che-CNTT-ket-noi.txt,txt,co,80,2026-09-17,tên chưa chuẩn
40/QĐ-HĐTV,28/05/2026,HDTV VNX quy che thanh vien giao dich,bvmt-sct-vn,bvmt-sct-vn/skills/bvmt-sct-vn/van-ban-goc/knk-bdkh/QD-40-QD-HDTV-28-5-2026-VNX-quy-che-thanh-vien-giao-dich.txt,txt,co,53,2026-09-17,tên chưa chuẩn
10/BĐK-DK-PLNC,28/05/2026,thu hoi KS di kem che bien cao lanh Son Man,qlks-sct-vn,qlks-sct-vn/skills/qlks-sct-vn/vi-du-thuc-te/BDK-10-DK-PLNC-28-5-2026-thu-hoi-KS-di-kem-che-bien-cao-lanh-Son-Man.pdf,pdf,khong,1301,2026-09-17,tên chưa chuẩn; vi-du-thuc-te
4390/UBND-NLN,27/05/2026,trien khai ND 180,bvmt-sct-vn,bvmt-sct-vn/skills/bvmt-sct-vn/van-ban-goc/knk-bdkh/CV-4390-UBND-NLN-27-5-2026-trien-khai-ND-180.txt,txt,co,2,2026-09-17,tên chưa chuẩn
KH 3024,27/05/2026,Ky rieng Sin Quyen,hl-vlncn-sct-vn,hl-vlncn-sct-vn/skills/hl-vlncn-sct-vn/vi-du-thuc-te/KH-3024_27.5.2026_Ky-rieng-Sin-Quyen.docx,docx,khong,43,2026-09-17,tên chưa chuẩn; vi-du-thuc-te
180/2026/NĐ-CP,21/05/2026,dich vu hap thu cac bon rung,bvmt-sct-vn,bvmt-sct-vn/skills/bvmt-sct-vn/van-ban-goc/knk-bdkh/ND-180-2026-ND-CP-21-5-2026-dich-vu-hap-thu-cac-bon-rung.txt,txt,co,168,2026-09-17,tên chưa chuẩn
26/2026/TT-BCT,20/05/2026,text,hnh-sct-vn,hnh-sct-vn/skills/hnh-sct-vn/van-ban-goc/03-thong-tu/TT-26-2026-BCT-text.doc,doc,co,937,2026-09-17,tên chưa chuẩn
178/2026/NĐ-CP,20/05/2026,tai san ket cau ha tang,kccn-sct-vn,kccn-sct-vn/skills/kccn-sct-vn/van-ban-goc/ND-178-2026-tai-san-ket-cau-ha-tang.docx,docx,co,71,2026-09-17,tên chưa chuẩn
26/2026/TT-BCT,20/05/2026,phan cap cat giam TTHC BCT,qlks-sct-vn,qlks-sct-vn/skills/qlks-sct-vn/van-ban-goc/TT-26-2026-TT-BCT-phan-cap-cat-giam-TTHC-BCT.docx,docx,co,103,2026-09-17,tên chưa chuẩn
66.18/2026/NQ-CP,18/05/2026,,hnh-sct-vn,hnh-sct-vn/skills/hnh-sct-vn/van-ban-goc/02-nghi-dinh/NQ-66-18-2026-NQ-CP.docx,docx,co,481,2026-09-17,tên chưa chuẩn
66.19/2026/NQ-CP,18/05/2026,toan van,qlks-sct-vn,qlks-sct-vn/skills/qlks-sct-vn/van-ban-goc/NQ-66.19-2026-NQ-CP-toan-van.docx,docx,co,72,2026-09-17,tên chưa chuẩn
66.19/2026/NQ-CP,18/05/2026,Phu luc VIII phan quyen TTHC DCKS,qlks-sct-vn,qlks-sct-vn/skills/qlks-sct-vn/van-ban-goc/NQ-66.19-2026-Phu-luc-VIII-phan-quyen-TTHC-DCKS.docx,docx,co,14,2026-09-17,tên chưa chuẩn
66.18/2026/NQ-CP,18/05/2026,phan quyen cat giam TTHC,xd-sct-vn,xd-sct-vn/skills/xd-sct-vn/van-ban-goc/NQ-18-2026-NQ-CP-phan-quyen-cat-giam-TTHC.docx,docx,co,533,2026-09-17,tên chưa chuẩn
66.18/2026/NQ-CP,18/05/2026,phan quyen cat giam TTHC DKKD,xd-sct-vn,xd-sct-vn/skills/xd-sct-vn/van-ban-goc/NQ-66.18-2026-NQ-CP-phan-quyen-cat-giam-TTHC-DKKD.docx,docx,co,522,2026-09-17,tên chưa chuẩn
1696/QĐ-UBND,15/05/2026,uy quyen,hnh-sct-vn,hnh-sct-vn/skills/hnh-sct-vn/van-ban-goc/04-uy-quyen-quy-trinh/QD-1696-QD-UBND-uy-quyen-15-5-2026.pdf,pdf,co,3218,2026-09-17,tên chưa chuẩn; bản gốc ≥ 3 MB chỉ có trên GitHub
48/2026/TT-BTC,12/05/2026,giam sat giao dich san,bvmt-sct-vn,bvmt-sct-vn/skills/bvmt-sct-vn/van-ban-goc/knk-bdkh/TT-48-2026-TT-BTC-12-5-2026-giam-sat-giao-dich-san.txt,txt,co,52,2026-09-17,tên chưa chuẩn
3686/UBND-XD,11/05/2026,kien nghi BXD PCCC VLNCN,hnh-sct-vn,hnh-sct-vn/skills/hnh-sct-vn/van-ban-goc/04-uy-quyen-quy-trinh/CV-3686-UBND-XD-kien-nghi-BXD-PCCC-VLNCN.pdf,pdf,co,2846,2026-09-17,tên chưa chuẩn
13A/BB-DTT72,10/05/2026,thanh tra khai thac KS Mong Son,qlks-sct-vn,qlks-sct-vn/skills/qlks-sct-vn/van-ban-goc/BB-13A-BB-DTT72-10-5-2026-thanh-tra-khai-thac-KS-Mong-Son.pdf,pdf,co,11961,2026-09-17,tên chưa chuẩn; ocr; bản gốc ≥ 3 MB chỉ có trên GitHub
17/QĐ-HĐTV,29/04/2026,HDTV VSDC quy che luu ky thanh toan,bvmt-sct-vn,bvmt-sct-vn/skills/bvmt-sct-vn/van-ban-goc/knk-bdkh/QD-17-QD-HDTV-29-4-2026-VSDC-quy-che-luu-ky-thanh-toan.txt,txt,co,103,2026-09-17,tên chưa chuẩn
19/2026/NQ-CP,29/04/2026,,hnh-sct-vn,hnh-sct-vn/skills/hnh-sct-vn/van-ban-goc/02-nghi-dinh/NQ-19-2026-NQ-CP.pdf,pdf,co,3335,2026-09-17,tên chưa chuẩn; ocr; bản gốc ≥ 3 MB chỉ có trên GitHub
24/2026//NQ-CP,29/04/2026,cat giam TTHC XD,xd-sct-vn,xd-sct-vn/skills/xd-sct-vn/van-ban-goc/NQ-24-2026-NQ-CP-cat-giam-TTHC-XD.docx,docx,co,123,2026-09-17,tên chưa chuẩn
3320/SNNMT-CCMT,23/04/2026,chuyen VBHN 48 49,bvmt-sct-vn,bvmt-sct-vn/skills/bvmt-sct-vn/van-ban-goc/knk-bdkh/CV-3320-SNNMT-CCMT-23-4-2026-chuyen-VBHN-48-49.txt,txt,co,4,2026-09-17,tên chưa chuẩn
KH 2242,23/04/2026,Kiem tra cap GCN 28 don vi,hl-vlncn-sct-vn,hl-vlncn-sct-vn/skills/hl-vlncn-sct-vn/vi-du-thuc-te/KH-2242_23.4.2026_Kiem-tra-cap-GCN-28-don-vi.docx,docx,khong,43,2026-09-17,tên chưa chuẩn; vi-du-thuc-te
TB 2245,23/04/2026,To chuc kiem tra ky chung,hl-vlncn-sct-vn,hl-vlncn-sct-vn/skills/hl-vlncn-sct-vn/vi-du-thuc-te/TB-2245_23.4.2026_To-chuc-kiem-tra-ky-chung.docx,docx,khong,26,2026-09-17,tên chưa chuẩn; vi-du-thuc-te
,13/04/2026,TB 13.4.2026 Kiem tra tai tru so Hoa chat mo Tay Bac,hl-vlncn-sct-vn,hl-vlncn-sct-vn/skills/hl-vlncn-sct-vn/vi-du-thuc-te/TB_13.4.2026_Kiem-tra-tai-tru-so-Hoa-chat-mo-Tay-Bac.docx,docx,khong,26,2026-09-17,tên chưa chuẩn; không đọc được số hiệu; vi-du-thuc-te
TB 1894,09/04/2026,Ket qua sau kiem tra chap hanh,hl-vlncn-sct-vn,hl-vlncn-sct-vn/skills/hl-vlncn-sct-vn/vi-du-thuc-te/TB-1894_9.4.2026_Ket-qua-sau-kiem-tra-chap-hanh.docx,docx,khong,34,2026-09-17,tên chưa chuẩn; vi-du-thuc-te
TB 1894,09/04/2026,ket qua sau kiem tra VLNCN ban ky,sd-vlncn-sct-vn,sd-vlncn-sct-vn/skills/sd-vlncn-sct-vn/vi-du-thuc-te/TB-1894-ket-qua-sau-kiem-tra-VLNCN-ban-ky.pdf,pdf,co,476,2026-09-17,tên chưa chuẩn; vi-du-thuc-te
15/2026/NQ-CP,06/04/2026,Nghị quyết tạm ngưng NĐ 46.2026 và NQ 66.13.2026,attp-sct-vn,attp-sct-vn/skills/attp-sct-vn/van-ban-goc/2026.04.06 15.2026.NQ.CP Nghị quyết tạm ngưng NĐ 46.2026 và NQ 66.13.2026.docx,docx,co,9,2026-09-17,
,06/04/2026,VB giao tham gia phoi hop,hnh-sct-vn,hnh-sct-vn/skills/hnh-sct-vn/van-ban-goc/04-uy-quyen-quy-trinh/VB-giao-tham-gia-phoi-hop.pdf,pdf,co,3058,2026-09-17,tên chưa chuẩn; không đọc được số hiệu
133/2026/NĐ-CP,06/04/2026,xu phat dien luc,xp-sct-vn,xp-sct-vn/skills/xp-sct-vn/van-ban-goc/dien-luc/ND-133-2026-NDCP-xu-phat-dien-luc.docx,docx,co,106,2026-09-17,tên chưa chuẩn
112/2026/NĐ-CP,01/04/2026,trao doi quoc te tin chi,bvmt-sct-vn,bvmt-sct-vn/skills/bvmt-sct-vn/van-ban-goc/knk-bdkh/ND-112-2026-ND-CP-01-4-2026-trao-doi-quoc-te-tin-chi.txt,txt,co,150,2026-09-17,tên chưa chuẩn
425/QĐ-BXD,30/03/2026,suat von dau tu,kccn-sct-vn,kccn-sct-vn/skills/kccn-sct-vn/van-ban-goc/QD-425-QD-BXD-30-3-2026-suat-von-dau-tu.docx,docx,co,254,2026-09-17,tên chưa chuẩn
597/HC-QLHC,27/03/2026,CucHoaChat,hc-sct-vn,hc-sct-vn/skills/hc-sct-vn/van-ban-goc/06-danh-muc-cong-van/CV-597-HC-QLHC-CucHoaChat.docx,docx,co,7,2026-09-17,tên chưa chuẩn
78/VBHN-VPQH,26/03/2026,Luat Quan ly su dung vu khi VLN va CCHT HOP NHAT,hl-vlncn-sct-vn,hl-vlncn-sct-vn/skills/hl-vlncn-sct-vn/van-ban-goc/2026.03.26-78.VBHN.VPQH-Luat-Quan-ly-su-dung-vu-khi-VLN-va-CCHT-HOP-NHAT.docx,docx,co,53,2026-09-17,
134/KH-UBND,26/03/2026,,kccn-sct-vn,kccn-sct-vn/skills/kccn-sct-vn/van-ban-goc/KH-134-KH-UBND-26-3-2026.pdf,pdf,co,3806,2026-09-17,tên chưa chuẩn; bản gốc ≥ 3 MB chỉ có trên GitHub
78/VBHN-VPQH,26/03/2026,Luat Quan ly su dung vu khi VLN va CCHT HOP NHAT,kho-vlncn-sct-vn,kho-vlncn-sct-vn/skills/kho-vlncn-sct-vn/van-ban-goc/2026.03.26-78.VBHN.VPQH-Luat-Quan-ly-su-dung-vu-khi-VLN-va-CCHT-HOP-NHAT.docx,docx,co,53,2026-09-17,
78/VBHN-VPQH,26/03/2026,Luat Quan ly su dung vu khi VLN va CCHT HOP NHAT,sd-vlncn-sct-vn,sd-vlncn-sct-vn/skills/sd-vlncn-sct-vn/van-ban-goc/2026.03.26-78.VBHN.VPQH-Luat-Quan-ly-su-dung-vu-khi-VLN-va-CCHT-HOP-NHAT.docx,docx,co,53,2026-09-17,
78/VBHN-VPQH,26/03/2026,Luat Quan ly su dung vu khi VLN va CCHT HOP NHAT,xp-hc-vlncn-sct-vn,xp-hc-vlncn-sct-vn/skills/xp-hc-vlncn-sct-vn/van-ban-goc/2026.03.26-78.VBHN.VPQH-Luat-Quan-ly-su-dung-vu-khi-VLN-va-CCHT-HOP-NHAT.docx,docx,co,53,2026-09-17,
78/VBHN-VPQH,26/03/2026,Luat Quan ly su dung vu khi VLN va CCHT HOP NHAT,xp-sct-vn,xp-sct-vn/skills/xp-sct-vn/van-ban-goc/2026.03.26-78.VBHN.VPQH-Luat-Quan-ly-su-dung-vu-khi-VLN-va-CCHT-HOP-NHAT.docx,docx,co,53,2026-09-17,
15/2026/TT-BCT,25/03/2026,text,hnh-sct-vn,hnh-sct-vn/skills/hnh-sct-vn/van-ban-goc/03-thong-tu/TT-15-2026-BCT-text.doc,doc,co,229,2026-09-17,tên chưa chuẩn
2265/BCT-ATMT,25/03/2026,trien khai,hnh-sct-vn,hnh-sct-vn/skills/hnh-sct-vn/van-ban-goc/04-uy-quyen-quy-trinh/CV-2265-BCT-ATMT-trien-khai.pdf,pdf,co,535,2026-09-17,tên chưa chuẩn; ocr
,25/03/2026,Huong dan thu tuc cap GP loai 1 2 3 4 9 SCT,hnh-sct-vn,hnh-sct-vn/skills/hnh-sct-vn/van-ban-goc/04-uy-quyen-quy-trinh/Huong-dan-thu-tuc-cap-GP-loai-1-2-3-4-9-SCT.docx,docx,co,17,2026-09-17,tên chưa chuẩn; không đọc được số hiệu
83/2026/NĐ-CP,23/03/2026,sua ND 06 o don,bvmt-sct-vn,bvmt-sct-vn/skills/bvmt-sct-vn/van-ban-goc/knk-bdkh/ND-83-2026-ND-CP-23-3-2026-sua-ND-06-o-don.txt,txt,co,32,2026-09-17,tên chưa chuẩn
CV 813,16/03/2026,CucHoaChat,hc-sct-vn,hc-sct-vn/skills/hc-sct-vn/van-ban-goc/06-danh-muc-cong-van/CV-813-CucHoaChat.pdf,pdf,co,297,2026-09-17,tên chưa chuẩn; ocr
1105/KH-ĐKT,10/03/2026,ke hoach kiem tra,sd-vlncn-sct-vn,sd-vlncn-sct-vn/skills/sd-vlncn-sct-vn/vi-du-thuc-te/KH-1105-DKT-ke-hoach-kiem-tra.pdf,pdf,co,532,2026-09-17,tên chưa chuẩn; vi-du-thuc-te
QĐ 1050,06/03/2026,kiem tra VLNCN 2026,sd-vlncn-sct-vn,sd-vlncn-sct-vn/skills/sd-vlncn-sct-vn/vi-du-thuc-te/QD-1050-kiem-tra-VLNCN-2026.pdf,pdf,co,584,2026-09-17,tên chưa chuẩn; vi-du-thuc-te
699/QĐ-BNNMT,27/02/2026,thi diem phan bo han ngach 2025 2026,bvmt-sct-vn,bvmt-sct-vn/skills/bvmt-sct-vn/van-ban-goc/knk-bdkh/QD-699-QD-BNNMT-27-02-2026-thi-diem-phan-bo-han-ngach-2025-2026.txt,txt,co,25,2026-09-17,tên chưa chuẩn
452/BC-TTCP,26/02/2026,thanh tra chuyen de mo VLXD,tkm-sct-vn,tkm-sct-vn/skills/tkm-sct-vn/van-ban-goc/BC-452-BC-TTCP-26-02-2026-thanh-tra-chuyen-de-mo-VLXD.pdf,pdf,co,10171,2026-09-17,tên chưa chuẩn; ocr; bản gốc ≥ 3 MB chỉ có trên GitHub
16/2026/QĐ-UBND,25/02/2026,Quy che CCN Lao Cai,kccn-sct-vn,kccn-sct-vn/skills/kccn-sct-vn/van-ban-goc/QD-16-2026-QD-UBND-Quy-che-CCN-Lao-Cai.pdf,pdf,co,4851,2026-09-17,tên chưa chuẩn; bản gốc ≥ 3 MB chỉ có trên GitHub
QĐ 16/2026,25/02/2026,Quy che CCN Lao Cai OCR,kccn-sct-vn,kccn-sct-vn/skills/kccn-sct-vn/van-ban-goc/QD-16-2026-Quy-che-CCN-Lao-Cai-OCR.txt,txt,co,80,2026-09-17,tên chưa chuẩn
11/2026/TT-BNNMT,13/02/2026,he thong dang ky quoc gia,bvmt-sct-vn,bvmt-sct-vn/skills/bvmt-sct-vn/van-ban-goc/knk-bdkh/TT-11-2026-TT-BNNMT-13-02-2026-he-thong-dang-ky-quoc-gia.txt,txt,co,86,2026-09-17,tên chưa chuẩn
13/2026/TT-BQP,12/02/2026,,hc-sct-vn,hc-sct-vn/skills/hc-sct-vn/van-ban-goc/03-thong-tu/TT-13-2026-BQP.docx,docx,co,10,2026-09-17,tên chưa chuẩn
1080/SNNMT-KS,11/02/2026,xin y kien thu hoi KS mo da hoa Lang Lanh II Chan Thien My,qlks-sct-vn,qlks-sct-vn/skills/qlks-sct-vn/vi-du-thuc-te/CV-1080-SNNMT-KS-11-02-2026-xin-y-kien-thu-hoi-KS-mo-da-hoa-Lang-Lanh-II-Chan-Thien-My.pdf,pdf,khong,2993,2026-09-17,tên chưa chuẩn; vi-du-thuc-te
1153/BNNMT-QLĐĐ,03/02/2026,trien khai ND 49,dat-dai-sct-vn,dat-dai-sct-vn/skills/dat-dai-sct-vn/van-ban-goc/trung-uong/CV-1153-BNNMT-QLDD-03-02-2026-trien-khai-ND-49.docx,docx,co,93,2026-10-02,tên chưa chuẩn
49/2026/NĐ-CP,31/01/2026,chi tiet NQ 254,dat-dai-sct-vn,dat-dai-sct-vn/skills/dat-dai-sct-vn/van-ban-goc/trung-uong/ND-49-2026-ND-CP-chi-tiet-NQ-254.docx,docx,co,326,2026-10-02,tên chưa chuẩn
50/2026/NĐ-CP,31/01/2026,tien su dung dat tien thue dat,dat-dai-sct-vn,dat-dai-sct-vn/skills/dat-dai-sct-vn/van-ban-goc/trung-uong/ND-50-2026-ND-CP-tien-su-dung-dat-tien-thue-dat.docx,docx,co,135,2026-10-02,tên chưa chuẩn
216/ATMT-ATĐ,30/01/2026,huong dan nao vet ket hop thu hoi KS long ho thuy dien,qlks-sct-vn,qlks-sct-vn/skills/qlks-sct-vn/van-ban-goc/CV-216-ATMT-ATD-30-01-2026-huong-dan-nao-vet-ket-hop-thu-hoi-KS-long-ho-thuy-dien.pdf,pdf,co,1398,2026-09-17,tên chưa chuẩn
11/2026/QĐ-UBND,29/01/2026,Lao Cai quan ly dau tu xay dung,xd-sct-vn,xd-sct-vn/skills/xd-sct-vn/van-ban-goc/QD-11-2026-QD-UBND-Lao-Cai-quan-ly-dau-tu-xay-dung.pdf,pdf,co,12958,2026-09-17,tên chưa chuẩn; ocr; bản gốc ≥ 3 MB chỉ có trên GitHub
09/2026/TT-BQP,22/01/2026,Sua doi bo sung TT 98 2024 TT BQP,hl-vlncn-sct-vn,hl-vlncn-sct-vn/skills/hl-vlncn-sct-vn/van-ban-goc/2026.01.22-09.2026.TT.BQP-Sua-doi-bo-sung-TT-98-2024-TT-BQP.docx,docx,co,8,2026-09-17,
09/2026/TT-BQP,22/01/2026,Sua doi bo sung TT 98 2024 TT BQP,sd-vlncn-sct-vn,sd-vlncn-sct-vn/skills/sd-vlncn-sct-vn/van-ban-goc/2026.01.22-09.2026.TT.BQP-Sua-doi-bo-sung-TT-98-2024-TT-BQP.docx,docx,co,8,2026-09-17,
683/BTC-CST,19/01/2026,thue GTGT tin chi VERs,bvmt-sct-vn,bvmt-sct-vn/skills/bvmt-sct-vn/van-ban-goc/knk-bdkh/CV-683-BTC-CST-19-01-2026-thue-GTGT-tin-chi-VERs.txt,txt,co,7,2026-09-17,tên chưa chuẩn
29/2026/NĐ-CP,19/01/2026,san giao dich cac bon,bvmt-sct-vn,bvmt-sct-vn/skills/bvmt-sct-vn/van-ban-goc/knk-bdkh/ND-29-2026-ND-CP-19-01-2026-san-giao-dich-cac-bon.txt,txt,co,74,2026-09-17,tên chưa chuẩn
24/2026/NĐ-CP,17/01/2026,danh muc hoa chat,hc-sct-vn,hc-sct-vn/skills/hc-sct-vn/van-ban-goc/02-nghi-dinh/ND-24-2026-danh-muc-hoa-chat.docx,docx,co,135,2026-09-17,tên chưa chuẩn
25/2026/NĐ-CP,17/01/2026,phat trien antoan anninh,hc-sct-vn,hc-sct-vn/skills/hc-sct-vn/van-ban-goc/02-nghi-dinh/ND-25-2026-phat-trien-antoan-anninh.docx,docx,co,32,2026-09-17,tên chưa chuẩn
26/2026/NĐ-CP,17/01/2026,quan ly hoat dong hoa chat,hc-sct-vn,hc-sct-vn/skills/hc-sct-vn/van-ban-goc/02-nghi-dinh/ND-26-2026-quan-ly-hoat-dong-hoa-chat.docx,docx,co,32,2026-09-17,tên chưa chuẩn
01/2026/TT-BCT,17/01/2026,huong dan ND26 bieu mau,hc-sct-vn,hc-sct-vn/skills/hc-sct-vn/van-ban-goc/03-thong-tu/TT-01-2026-BCT-huong-dan-ND26-bieu-mau.docx,docx,co,981,2026-09-17,tên chưa chuẩn
02/2026/TT-BCT,17/01/2026,bien phap thi hanh ND25,hc-sct-vn,hc-sct-vn/skills/hc-sct-vn/van-ban-goc/03-thong-tu/TT-02-2026-BCT-bien-phap-thi-hanh-ND25.docx,docx,co,36,2026-09-17,tên chưa chuẩn
21/2026/NĐ-CP,16/01/2026,sua ND 193 2025,qlks-sct-vn,qlks-sct-vn/skills/qlks-sct-vn/van-ban-goc/ND-21-2026-ND-CP-sua-ND-193-2025.docx,docx,co,218,2026-09-17,tên chưa chuẩn
04/2026/TT-BNNMT,16/01/2026,sua cac TT dia chat khoang san,qlks-sct-vn,qlks-sct-vn/skills/qlks-sct-vn/van-ban-goc/TT-04-2026-TT-BNNMT-sua-cac-TT-dia-chat-khoang-san.docx,docx,co,711,2026-09-17,tên chưa chuẩn
7/QĐ-BQLCKCN,15/01/2026,thanh lap HDTD quy hoach KCN,kccn-sct-vn,kccn-sct-vn/skills/kccn-sct-vn/van-ban-goc/QD-7-QD-BQLCKCN-15-01-2026-thanh-lap-HDTD-quy-hoach-KCN.pdf,pdf,co,3047,2026-09-17,tên chưa chuẩn
14/2026/NĐ-CP,13/01/2026,cat giam TTHC SXKD,xd-sct-vn,xd-sct-vn/skills/xd-sct-vn/van-ban-goc/ND-14-2026-cat-giam-TTHC-SXKD.docx,docx,co,72,2026-09-17,tên chưa chuẩn
66.11/2026/NQ-CP,06/01/2026,dau gia quyen su dung dat,dat-dai-sct-vn,dat-dai-sct-vn/skills/dat-dai-sct-vn/van-ban-goc/trung-uong/NQ-66.11-2026-NQ-CP-dau-gia-quyen-su-dung-dat.docx,docx,co,8,2026-10-02,tên chưa chuẩn
67/2025/TT-BCT,31/12/2025,sua doi TT 43 2025,qlks-sct-vn,qlks-sct-vn/skills/qlks-sct-vn/van-ban-goc/TT-67-2025-TT-BCT-sua-doi-TT-43-2025.docx,docx,co,7,2026-09-17,tên chưa chuẩn
5141/SNNMT-KS,29/12/2025,thong ke ke khai bao cao san luong,qlks-sct-vn,qlks-sct-vn/skills/qlks-sct-vn/van-ban-goc/CV-5141-SNNMT-KS-29-12-2025-thong-ke-ke-khai-bao-cao-san-luong.txt,txt,co,27,2026-09-17,tên chưa chuẩn
34-NQ/TU,27/12/2025,,kccn-sct-vn,kccn-sct-vn/skills/kccn-sct-vn/van-ban-goc/NQ-34-NQ-TU-27-12-2025.pdf,pdf,co,981,2026-09-17,tên chưa chuẩn; ocr
146/2025/QH15,11/12/2025,sua doi 15 luat nong nghiep moi truong,dat-dai-sct-vn,dat-dai-sct-vn/skills/dat-dai-sct-vn/van-ban-goc/trung-uong/Luat-146-2025-QH15-sua-doi-15-luat-nong-nghiep-moi-truong.docx,docx,co,78,2026-10-02,tên chưa chuẩn
254/2025/QH15,11/12/2025,thao go vuong mac Luat Dat dai,dat-dai-sct-vn,dat-dai-sct-vn/skills/dat-dai-sct-vn/van-ban-goc/trung-uong/NQ-254-2025-QH15-thao-go-vuong-mac-Luat-Dat-dai.docx,docx,co,19,2026-10-02,tên chưa chuẩn
147/2025/QH15,11/12/2025,sua Luat DCKS TOAN VAN,qlks-sct-vn,qlks-sct-vn/skills/qlks-sct-vn/van-ban-goc/Luat-147-2025-QH15-sua-Luat-DCKS-TOAN-VAN.docx,docx,co,19,2026-09-17,tên chưa chuẩn
147/2025/QH15,11/12/2025,sua Luat DCKS,qlks-sct-vn,qlks-sct-vn/skills/qlks-sct-vn/van-ban-goc/Luat-147-2025-QH15-sua-Luat-DCKS.docx,docx,co,19,2026-09-17,tên chưa chuẩn
118/2025/QH15,10/12/2025,Sua doi 10 luat lien quan an ninh trat tu,hl-vlncn-sct-vn,hl-vlncn-sct-vn/skills/hl-vlncn-sct-vn/van-ban-goc/2025.12.10-118.2025.QH15-Sua-doi-10-luat-lien-quan-an-ninh-trat-tu.docx,docx,co,33,2026-09-17,
118/2025/QH15,10/12/2025,Sua doi 10 luat lien quan an ninh trat tu,kho-vlncn-sct-vn,kho-vlncn-sct-vn/skills/kho-vlncn-sct-vn/van-ban-goc/2025.12.10-118.2025.QH15-Sua-doi-10-luat-lien-quan-an-ninh-trat-tu.docx,docx,co,33,2026-09-17,
118/2025/QH15,10/12/2025,Sua doi 10 luat lien quan an ninh trat tu,sd-vlncn-sct-vn,sd-vlncn-sct-vn/skills/sd-vlncn-sct-vn/van-ban-goc/2025.12.10-118.2025.QH15-Sua-doi-10-luat-lien-quan-an-ninh-trat-tu.docx,docx,co,33,2026-09-17,
135/2025/QH15,10/12/2025,Luat Xay dung 135 2025 QH15,xd-sct-vn,xd-sct-vn/skills/xd-sct-vn/van-ban-goc/Luat-Xay-dung-135-2025-QH15.docx,docx,co,47,2026-09-17,tên chưa chuẩn
19/2025/NQ-HĐND,09/12/2025,bang gia dat Lao Cai,dat-dai-sct-vn,dat-dai-sct-vn/skills/dat-dai-sct-vn/van-ban-goc/tinh/NQ-19-2025-NQ-HDND-bang-gia-dat-Lao-Cai.docx,docx,co,697,2026-10-02,tên chưa chuẩn
26-NQ/TU,05/12/2025,,kccn-sct-vn,kccn-sct-vn/skills/kccn-sct-vn/van-ban-goc/NQ-26-NQ-TU-05-12-2025.pdf,pdf,co,8847,2026-09-17,tên chưa chuẩn; ocr; bản gốc ≥ 3 MB chỉ có trên GitHub
56/2025/TT-BCT,28/11/2025,quy trinh kiem tra chuyen nganh Cong Thuong,xp-hc-vlncn-sct-vn,xp-hc-vlncn-sct-vn/skills/xp-hc-vlncn-sct-vn/van-ban-goc/TT-56-2025-TT-BCT-quy-trinh-kiem-tra-chuyen-nganh-Cong-Thuong.docx,docx,co,27,2026-09-17,tên chưa chuẩn
56/2025/TT-BCT,28/11/2025,quy trinh kiem tra chuyen nganh Cong Thuong,xp-sct-vn,xp-sct-vn/skills/xp-sct-vn/van-ban-goc/TT-56-2025-TT-BCT-quy-trinh-kiem-tra-chuyen-nganh-Cong-Thuong.docx,docx,co,27,2026-09-17,tên chưa chuẩn
2581/QĐ-TTg,24/11/2025,dieu chinh QD 866 Nui Phao Ta Phoi Tho Son Thong Nhat,quy-hoach-ct-vn,quy-hoach-ct-vn/skills/quy-hoach-ct-vn/van-ban-goc/QD-2581-QD-TTg-24-11-2025-dieu-chinh-QD-866-Nui-Phao-Ta-Phoi-Tho-Son-Thong-Nhat.docx,docx,co,23,2026-09-17,tên chưa chuẩn
9389/BNNMT-BĐKH,20/11/2025,giao viec cap tinh KNK,bvmt-sct-vn,bvmt-sct-vn/skills/bvmt-sct-vn/van-ban-goc/knk-bdkh/CV-9389-BNNMT-BDKH-20-11-2025-giao-viec-cap-tinh-KNK.txt,txt,co,8,2026-09-17,tên chưa chuẩn
303/2025/NĐ-CP,19/11/2025,chuc nang nhiem vu co cau to chuc bo co quan ngang bo,sct-laocai-org-vn,sct-laocai-org-vn/skills/sct-laocai-org-vn/van-ban-goc/ND-303-2025-chuc-nang-nhiem-vu-co-cau-to-chuc-bo-co-quan-ngang-bo.docx,docx+pdf,co,2166,2026-10-08,tên chưa chuẩn
28/2025/QĐ-UBND,10/11/2025,phan cap quan ly ATTP Lao Cai,attp-sct-vn,attp-sct-vn/skills/attp-sct-vn/van-ban-goc/2025.11.10 QD 28-2025-QD-UBND phan cap quan ly ATTP Lao Cai.txt,txt,co,20,2026-09-17,tên chưa chuẩn
1883/QĐ-UBND,06/11/2025,Phu luc danh muc uy quyen ban ky,hl-vlncn-sct-vn,hl-vlncn-sct-vn/skills/hl-vlncn-sct-vn/van-ban-goc/2025.11.06-1883.QD.UBND-Phu-luc-danh-muc-uy-quyen_ban-ky.pdf,pdf,co,2301,2026-09-17,
1883/QĐ-UBND,06/11/2025,Uy quyen GD SCT linh vuc VLNCN ban ky,hl-vlncn-sct-vn,hl-vlncn-sct-vn/skills/hl-vlncn-sct-vn/van-ban-goc/2025.11.06-1883.QD.UBND-Uy-quyen-GD-SCT-linh-vuc-VLNCN_ban-ky.pdf,pdf,co,3489,2026-09-17,bản gốc ≥ 3 MB chỉ có trên GitHub
,06/11/2025,QD uy quyen VLNCN du thao trinh TTr 2205 ban hanh QD 1883 UBND 6.11.2025,hl-vlncn-sct-vn,hl-vlncn-sct-vn/skills/hl-vlncn-sct-vn/van-ban-goc/QD-uy-quyen-VLNCN_du-thao-trinh-TTr-2205_ban-hanh-QD-1883-UBND-6.11.2025.docx,docx,co,32,2026-09-17,tên chưa chuẩn; không đọc được số hiệu
282/2025/NĐ-CP,30/10/2025,Xu phat VPHC an ninh trat tu ATXH,xp-hc-vlncn-sct-vn,xp-hc-vlncn-sct-vn/skills/xp-hc-vlncn-sct-vn/van-ban-goc/2025.10.30-282.2025.ND.CP-Xu-phat-VPHC-an-ninh-trat-tu-ATXH.docx,docx,co,60,2026-09-17,
282/2025/NĐ-CP,30/10/2025,Xu phat VPHC an ninh trat tu ATXH,xp-sct-vn,xp-sct-vn/skills/xp-sct-vn/van-ban-goc/2025.10.30-282.2025.ND.CP-Xu-phat-VPHC-an-ninh-trat-tu-ATXH.docx,docx,co,60,2026-09-17,
2419/ĐCKS-PCKS,19/09/2025,tra loi 42 vuong mac dia chat khoang san,qlks-sct-vn,qlks-sct-vn/skills/qlks-sct-vn/van-ban-goc/CV-2419-DCKS-PCKS-19-9-2025-tra-loi-42-vuong-mac-dia-chat-khoang-san.pdf,pdf,co,1662,2026-09-17,tên chưa chuẩn
66.3/2025/NQ-CP,15/09/2025,thao go quy hoach su dung dat,dat-dai-sct-vn,dat-dai-sct-vn/skills/dat-dai-sct-vn/van-ban-goc/trung-uong/NQ-66.3-2025-NQ-CP-thao-go-quy-hoach-su-dung-dat.docx,docx,co,9,2026-10-02,tên chưa chuẩn
,15/09/2025,CV UBND KT giao SCT tham muu uy quyen truoc 15.9.2025,hl-vlncn-sct-vn,hl-vlncn-sct-vn/skills/hl-vlncn-sct-vn/van-ban-goc/CV-UBND-KT_giao-SCT-tham-muu-uy-quyen_truoc-15.9.2025.docx,docx,co,28,2026-09-17,tên chưa chuẩn; không đọc được số hiệu
243/2025/NĐ-CP,11/09/2025,PPP,xd-sct-vn,xd-sct-vn/skills/xd-sct-vn/van-ban-goc/ND-243-2025-PPP.docx,docx,co,369,2026-09-17,tên chưa chuẩn
21/2025/QĐ-UBND,10/09/2025,boi thuong nha cong trinh,dat-dai-sct-vn,dat-dai-sct-vn/skills/dat-dai-sct-vn/van-ban-goc/tinh/QD-21-2025-QD-UBND-boi-thuong-nha-cong-trinh.docx,docx,co,9,2026-10-02,tên chưa chuẩn
20/2025/QĐ-UBND,29/08/2025,boi thuong cay trong vat nuoi,dat-dai-sct-vn,dat-dai-sct-vn/skills/dat-dai-sct-vn/van-ban-goc/tinh/QD-20-2025-QD-UBND-boi-thuong-cay-trong-vat-nuoi.docx,docx,co,14,2026-10-02,tên chưa chuẩn
904/QĐ-UBND,26/08/2025,uy quyen lap Doan tham dinh ATTP,attp-sct-vn,attp-sct-vn/skills/attp-sct-vn/van-ban-goc/2025.08.26 QD 904-QD-UBND uy quyen lap Doan tham dinh ATTP.txt,txt,co,5,2026-09-17,tên chưa chuẩn
18/2025/QĐ-UBND,15/08/2025,boi thuong ho tro tai dinh cu,dat-dai-sct-vn,dat-dai-sct-vn/skills/dat-dai-sct-vn/van-ban-goc/tinh/QD-18-2025-QD-UBND-boi-thuong-ho-tro-tai-dinh-cu.docx,docx,co,21,2026-10-02,tên chưa chuẩn
226/2025/NĐ-CP,15/08/2025,sua doi cac nghi dinh dat dai,dat-dai-sct-vn,dat-dai-sct-vn/skills/dat-dai-sct-vn/van-ban-goc/trung-uong/ND-226-2025-ND-CP-sua-doi-cac-nghi-dinh-dat-dai.docx,docx,co,164,2026-10-02,tên chưa chuẩn
217/2025/NĐ-CP,05/08/2025,kiem tra chuyen nganh,hnh-sct-vn,hnh-sct-vn/skills/hnh-sct-vn/van-ban-goc/06-kiem-tra/ND-217-2025-kiem-tra-chuyen-nganh.docx,docx,co,20,2026-09-17,tên chưa chuẩn
1198/ATMT-ATKV,21/07/2025,Huong dan quan ly su dung VLNCN tra loi SCT Lai Chau trich luc,hl-vlncn-sct-vn,hl-vlncn-sct-vn/skills/hl-vlncn-sct-vn/van-ban-goc/2025.07.21-1198.ATMT.ATKV-Huong-dan-quan-ly-su-dung-VLNCN_tra-loi-SCT-Lai-Chau_trich-luc.md,md,co,4,2026-09-17,
1178/DCK-CTT,09/07/2025,huong dan CCN dia gioi moi,kccn-sct-vn,kccn-sct-vn/skills/kccn-sct-vn/van-ban-goc/1178-DCK-CTT-huong-dan-CCN-dia-gioi-moi.pdf,pdf,co,1120,2026-09-17,tên chưa chuẩn
43/2025/TT-BCT,04/07/2025,ky thuat an toan khai thac KS,qlks-sct-vn,qlks-sct-vn/skills/qlks-sct-vn/van-ban-goc/TT-43-2025-TT-BCT-ky-thuat-an-toan-khai-thac-KS.docx,docx,co,473,2026-09-17,tên chưa chuẩn
193/2025/NĐ-CP,02/07/2025,trich quan trong,qlks-sct-vn,qlks-sct-vn/skills/qlks-sct-vn/van-ban-goc/ND-193-2025-ND-CP-trich-quan-trong.docx,docx,co,219,2026-09-17,tên chưa chuẩn
36/2025/TT-BNNMT,02/07/2025,PHU LUC I den IV,qlks-sct-vn,qlks-sct-vn/skills/qlks-sct-vn/van-ban-goc/TT-36-2025-TT-BNNMT-PHU-LUC-I-den-IV.doc,doc,co,1887,2026-09-17,tên chưa chuẩn
36/2025/TT-BNNMT,02/07/2025,TOAN VAN dieu khoan,qlks-sct-vn,qlks-sct-vn/skills/qlks-sct-vn/van-ban-goc/TT-36-2025-TT-BNNMT-TOAN-VAN-dieu-khoan.docx,docx,co,319,2026-09-17,tên chưa chuẩn
36/2025/TT-BNNMT,02/07/2025,khai thac tan thu thu hoi,qlks-sct-vn,qlks-sct-vn/skills/qlks-sct-vn/van-ban-goc/TT-36-2025-TT-BNNMT-khai-thac-tan-thu-thu-hoi.docx,docx,co,264,2026-09-17,tên chưa chuẩn
178/2025/NĐ-CP,01/07/2025,quy hoach do thi nong thon,xd-sct-vn,xd-sct-vn/skills/xd-sct-vn/van-ban-goc/ND-178-2025-quy-hoach-do-thi-nong-thon.docx,docx,co,25,2026-09-17,tên chưa chuẩn
189/2025/NĐ-CP,01/07/2025,tham quyen xu phat,xp-sct-vn,xp-sct-vn/skills/xp-sct-vn/van-ban-goc/chung/ND-189-2025-NDCP-tham-quyen-xu-phat.docx,docx,co,17,2026-09-17,tên chưa chuẩn
84/2025/QH15,25/06/2025,Luat Thanh tra 84 2025,hnh-sct-vn,hnh-sct-vn/skills/hnh-sct-vn/van-ban-goc/06-kiem-tra/Luat-Thanh-tra-84-2025.docx,docx,co,37,2026-09-17,tên chưa chuẩn
88/2025/QH15,25/06/2025,sua doi Luat XLVPHC,xp-sct-vn,xp-sct-vn/skills/xp-sct-vn/van-ban-goc/chung/Luat-88-2025-QH15-sua-doi-Luat-XLVPHC.docx,docx,co,21,2026-09-17,tên chưa chuẩn
38/2025/TT-BCT,19/06/2025,Sua doi quy dinh phan cap thuc hien TTHC cua BCT,kho-vlncn-sct-vn,kho-vlncn-sct-vn/skills/kho-vlncn-sct-vn/van-ban-goc/2025.06.19-38.2025.TT.BCT-Sua-doi-quy-dinh-phan-cap-thuc-hien-TTHC-cua-BCT.doc,doc,co,324,2026-09-17,
38/2025/TT-BCT,19/06/2025,,sd-vlncn-sct-vn,sd-vlncn-sct-vn/skills/sd-vlncn-sct-vn/van-ban-goc/TT-38-2025-BCT.doc,doc,co,324,2026-09-17,tên chưa chuẩn
08/2025/TT-BNNMT,17/06/2025,sua TT 01 2022 BDKH,bvmt-sct-vn,bvmt-sct-vn/skills/bvmt-sct-vn/van-ban-goc/knk-bdkh/TT-08-2025-TT-BNNMT-17-6-2025-sua-TT-01-2022-BDKH.txt,txt,co,29,2026-09-17,tên chưa chuẩn
69/2025/QH15,14/06/2025,Luat Hoa chat 69 2025 QH15,hc-sct-vn,hc-sct-vn/skills/hc-sct-vn/van-ban-goc/01-luat/Luat-Hoa-chat-69-2025-QH15.docx,docx,co,28,2026-09-17,tên chưa chuẩn
151/2025/NĐ-CP,12/06/2025,phan dinh tham quyen dat dai,dat-dai-sct-vn,dat-dai-sct-vn/skills/dat-dai-sct-vn/van-ban-goc/trung-uong/ND-151-2025-ND-CP-phan-dinh-tham-quyen-dat-dai.docx,docx,co,440,2026-10-02,tên chưa chuẩn
146/2025/NĐ-CP,12/06/2025,phan quyen phan cap,hc-sct-vn,hc-sct-vn/skills/hc-sct-vn/van-ban-goc/02-nghi-dinh/ND-146-2025-phan-quyen-phan-cap.docx,docx,co,109,2026-09-17,tên chưa chuẩn
139/2025/NĐ-CP,12/06/2025,phan dinh tham quyen 2 cap BCT,kccn-sct-vn,kccn-sct-vn/skills/kccn-sct-vn/van-ban-goc/ND-139-2025-phan-dinh-tham-quyen-2-cap-BCT.docx,docx,co,16,2026-09-17,tên chưa chuẩn
146/2025/NĐ-CP,12/06/2025,Phan quyen phan cap linh vuc cong nghiep thuong mai,kho-vlncn-sct-vn,kho-vlncn-sct-vn/skills/kho-vlncn-sct-vn/van-ban-goc/2025.06.12-146.2025.ND.CP-Phan-quyen-phan-cap-linh-vuc-cong-nghiep-thuong-mai.doc,doc,co,586,2026-09-17,
146/2025/NĐ-CP,12/06/2025,,sd-vlncn-sct-vn,sd-vlncn-sct-vn/skills/sd-vlncn-sct-vn/van-ban-goc/ND-146-2025.doc,doc,co,586,2026-09-17,tên chưa chuẩn
140/2025/NĐ-CP,12/06/2025,phan dinh tham quyen 2 cap XD,xd-sct-vn,xd-sct-vn/skills/xd-sct-vn/van-ban-goc/ND-140-2025-phan-dinh-tham-quyen-2-cap-XD.docx,docx,co,33,2026-09-17,tên chưa chuẩn
144/2025/NĐ-CP,12/06/2025,phan quyen phan cap BXD,xd-sct-vn,xd-sct-vn/skills/xd-sct-vn/van-ban-goc/ND-144-2025-phan-quyen-phan-cap-BXD.docx,docx,co,89,2026-09-17,tên chưa chuẩn
119/2025/NĐ-CP,09/06/2025,sua ND 06,bvmt-sct-vn,bvmt-sct-vn/skills/bvmt-sct-vn/van-ban-goc/knk-bdkh/ND-119-2025-ND-CP-09-6-2025-sua-ND-06.txt,txt,co,267,2026-09-17,tên chưa chuẩn
31/2025/TT-BCT,16/05/2025,toan van unicode,tkm-sct-vn,tkm-sct-vn/skills/tkm-sct-vn/van-ban-goc/TT-31-2025-TT-BCT-toan-van-unicode.docx,docx,co,111,2026-09-17,tên chưa chuẩn
105/2025/NĐ-CP,15/05/2025,PCCC CNCH,hnh-sct-vn,hnh-sct-vn/skills/hnh-sct-vn/van-ban-goc/02-nghi-dinh/ND-105-2025-PCCC-CNCH.pdf,pdf,co,6402,2026-09-17,tên chưa chuẩn; ocr; bản gốc ≥ 3 MB chỉ có trên GitHub
106/2025/NĐ-CP,15/05/2025,xu phat VPHC PCCC CNCH,xp-sct-vn,xp-sct-vn/skills/xp-sct-vn/van-ban-goc/pccc/ND-106-2025-NDCP-xu-phat-VPHC-PCCC-CNCH.docx,docx,co,24,2026-09-17,tên chưa chuẩn
24/2025/TT-BCT,13/05/2025,ke hoach quan ly rui ro,qlks-sct-vn,qlks-sct-vn/skills/qlks-sct-vn/van-ban-goc/TT-24-2025-TT-BCT-ke-hoach-quan-ly-rui-ro.docx,docx,co,20,2026-09-17,tên chưa chuẩn
02/2025/TT-BXD,31/03/2025,sua doi TT 06 2021,xd-sct-vn,xd-sct-vn/skills/xd-sct-vn/van-ban-goc/TT-02-2025-TT-BXD-sua-doi-TT-06-2021.docx,docx,co,22,2026-09-17,tên chưa chuẩn
24/2025/NĐ-CP,21/02/2025,sua doi ND 98 2020,xp-sct-vn,xp-sct-vn/skills/xp-sct-vn/van-ban-goc/thuong-mai/ND-24-2025-NDCP-sua-doi-ND-98-2020.docx,docx,co,32,2026-09-17,tên chưa chuẩn
334/QĐ-BCT,06/02/2025,dinh chinh TT 38,bvmt-sct-vn,bvmt-sct-vn/skills/bvmt-sct-vn/van-ban-goc/knk-bdkh/QD-334-QD-BCT-06-02-2025-dinh-chinh-TT-38.txt,txt,co,3,2026-09-17,tên chưa chuẩn
232/QĐ-TTg,24/01/2025,de an thi truong cac bon,bvmt-sct-vn,bvmt-sct-vn/skills/bvmt-sct-vn/van-ban-goc/knk-bdkh/QD-232-QD-TTg-24-01-2025-de-an-thi-truong-cac-bon.txt,txt,co,45,2026-09-17,tên chưa chuẩn
181/2024/NĐ-CP,31/12/2024,,hl-vlncn-sct-vn,hl-vlncn-sct-vn/skills/hl-vlncn-sct-vn/van-ban-goc/ND-181-2024.docx,docx,co,206,2026-09-17,tên chưa chuẩn
181/2024/NĐ-CP,31/12/2024,Quy dinh chi tiet ve VLNCN va tien chat thuoc no,kho-vlncn-sct-vn,kho-vlncn-sct-vn/skills/kho-vlncn-sct-vn/van-ban-goc/2024.12.31-181.2024.ND.CP-Quy-dinh-chi-tiet-ve-VLNCN-va-tien-chat-thuoc-no.docx,docx,co,206,2026-09-17,
181/2024/NĐ-CP,31/12/2024,,sd-vlncn-sct-vn,sd-vlncn-sct-vn/skills/sd-vlncn-sct-vn/van-ban-goc/ND-181-2024.docx,docx,co,206,2026-09-17,tên chưa chuẩn
175/2024/NĐ-CP,30/12/2024,quan ly hoat dong xay dung CU,xd-sct-vn,xd-sct-vn/skills/xd-sct-vn/van-ban-goc/ND-175-2024-quan-ly-hoat-dong-xay-dung-CU.docx,docx,co,564,2026-09-17,tên chưa chuẩn
168/2024/NĐ-CP,26/12/2024,xu phat TTATGT duong bo,xp-sct-vn,xp-sct-vn/skills/xp-sct-vn/van-ban-goc/giao-thong/ND-168-2024-NDCP-xu-phat-TTATGT-duong-bo.docx,docx,co,84,2026-09-17,tên chưa chuẩn
158/2024/NĐ-CP,18/12/2024,van tai duong bo,hnh-sct-vn,hnh-sct-vn/skills/hnh-sct-vn/van-ban-goc/02-nghi-dinh/ND-158-2024-van-tai-duong-bo.docx,docx,co,4573,2026-09-17,tên chưa chuẩn; bản gốc ≥ 3 MB chỉ có trên GitHub
161/2024/NĐ-CP,18/12/2024,HHNH text,hnh-sct-vn,hnh-sct-vn/skills/hnh-sct-vn/van-ban-goc/02-nghi-dinh/ND-161-2024-HHNH-text.doc,doc,co,2976,2026-09-17,tên chưa chuẩn
,18/12/2024,PL1 danh muc HHNH,hnh-sct-vn,hnh-sct-vn/skills/hnh-sct-vn/van-ban-goc/05-phu-luc-bieu-mau/PL1-danh-muc-HHNH.docx,docx,co,282,2026-09-17,tên chưa chuẩn; không đọc được số hiệu
,18/12/2024,PL3 bieu trung nguy hiem,hnh-sct-vn,hnh-sct-vn/skills/hnh-sct-vn/van-ban-goc/05-phu-luc-bieu-mau/PL3-bieu-trung-nguy-hiem.pdf,pdf,co,1940,2026-09-17,tên chưa chuẩn; không đọc được số hiệu; ocr
,18/12/2024,PL4 giay de nghi cap moi,hnh-sct-vn,hnh-sct-vn/skills/hnh-sct-vn/van-ban-goc/05-phu-luc-bieu-mau/PL4-giay-de-nghi-cap-moi.pdf,pdf,co,603,2026-09-17,tên chưa chuẩn; không đọc được số hiệu; ocr
,18/12/2024,PL4b giay de nghi dieu chinh,hnh-sct-vn,hnh-sct-vn/skills/hnh-sct-vn/van-ban-goc/05-phu-luc-bieu-mau/PL4b-giay-de-nghi-dieu-chinh.pdf,pdf,co,376,2026-09-17,tên chưa chuẩn; không đọc được số hiệu; ocr
54/2024/QH15,29/11/2024,Dia chat va khoang san TOAN VAN,qlks-sct-vn,qlks-sct-vn/skills/qlks-sct-vn/van-ban-goc/Luat-54-2024-QH15-Dia-chat-va-khoang-san-TOAN-VAN.docx,docx,co,62,2026-09-17,tên chưa chuẩn
54/2024/QH15,29/11/2024,tom tat dieu chinh,qlks-sct-vn,qlks-sct-vn/skills/qlks-sct-vn/van-ban-goc/Luat-54-2024-QH15-tom-tat-dieu-chinh.docx,docx,co,19,2026-09-17,tên chưa chuẩn
1422/QĐ-TTg,19/11/2024,ke hoach thich ung BDKH,bvmt-sct-vn,bvmt-sct-vn/skills/bvmt-sct-vn/van-ban-goc/knk-bdkh/QD-1422-QD-TTg-19-11-2024-ke-hoach-thich-ung-BDKH.txt,txt,co,40,2026-09-17,tên chưa chuẩn
149/2024/NĐ-CP,15/11/2024,Quy dinh chi tiet Luat Quan ly vu khi VLN va CCHT,kho-vlncn-sct-vn,kho-vlncn-sct-vn/skills/kho-vlncn-sct-vn/van-ban-goc/2024.11.15-149.2024.ND.CP-Quy-dinh-chi-tiet-Luat-Quan-ly-vu-khi-VLN-va-CCHT.pdf,pdf,co,9305,2026-09-17,ocr; bản gốc ≥ 3 MB chỉ có trên GitHub
149/2024/NĐ-CP,15/11/2024,Quy dinh chi tiet Luat 42 2024 phan Bo Cong an,sd-vlncn-sct-vn,sd-vlncn-sct-vn/skills/sd-vlncn-sct-vn/van-ban-goc/2024.11.15-149.2024.ND.CP-Quy-dinh-chi-tiet-Luat-42-2024-phan-Bo-Cong-an.docx,docx,co,19,2026-09-17,
75/2024/TT-BCA,15/11/2024,Tham quyen cap giay phep van chuyen VLNCN,sd-vlncn-sct-vn,sd-vlncn-sct-vn/skills/sd-vlncn-sct-vn/van-ban-goc/2024.11.15-75.2024.TT.BCA-Tham-quyen-cap-giay-phep-van-chuyen-VLNCN.docx,docx,co,3549,2026-09-17,bản gốc ≥ 3 MB chỉ có trên GitHub
98/2024/TT-BQP,15/11/2024,VLNCN TCTN thuoc Bo Quoc phong,sd-vlncn-sct-vn,sd-vlncn-sct-vn/skills/sd-vlncn-sct-vn/van-ban-goc/2024.11.15-98.2024.TT.BQP-VLNCN-TCTN-thuoc-Bo-Quoc-phong.docx,docx,co,875,2026-09-17,
23/2024/TT-BCT,07/11/2024,Quan ly su dung VLNCN tien chat thuoc no thuoc BCT,kho-vlncn-sct-vn,kho-vlncn-sct-vn/skills/kho-vlncn-sct-vn/van-ban-goc/2024.11.07-23.2024.TT.BCT-Quan-ly-su-dung-VLNCN-tien-chat-thuoc-no-thuoc-BCT.docx,docx,co,140,2026-09-17,
23/2024/TT-BCT,07/11/2024,,sd-vlncn-sct-vn,sd-vlncn-sct-vn/skills/sd-vlncn-sct-vn/van-ban-goc/TT-23-2024-BCT.docx,docx,co,140,2026-09-17,tên chưa chuẩn
467/TB-VPCP,14/10/2024,ket luan de an thi truong cac bon,bvmt-sct-vn,bvmt-sct-vn/skills/bvmt-sct-vn/van-ban-goc/knk-bdkh/TB-467-TB-VPCP-14-10-2024-ket-luan-de-an-thi-truong-cac-bon.txt,txt,co,9,2026-09-17,tên chưa chuẩn
19/2024/TT-BCT,10/10/2024,sua QCVN05A,hc-sct-vn,hc-sct-vn/skills/hc-sct-vn/van-ban-goc/03-thong-tu/TT-19-2024-BCT-sua-QCVN05A.docx,docx,co,412,2026-09-17,tên chưa chuẩn
QCVN 05A:2020/BCT-SD1,10/10/2024,2024,hc-sct-vn,hc-sct-vn/skills/hc-sct-vn/van-ban-goc/04-qcvn-tcvn/QCVN-05A-2020-BCT-SD1-2024.docx,docx,co,408,2026-09-17,tên chưa chuẩn
123/2024/NĐ-CP,04/10/2024,xu phat dat dai,xp-sct-vn,xp-sct-vn/skills/xp-sct-vn/van-ban-goc/dat-dai/ND-123-2024-NDCP-xu-phat-dat-dai.docx,docx,co,28,2026-09-17,tên chưa chuẩn
14/2024/TT-BCT,15/08/2024,che do bao cao mau van ban CCN,kccn-sct-vn,kccn-sct-vn/skills/kccn-sct-vn/van-ban-goc/TT-14-2024-che-do-bao-cao-mau-van-ban-CCN.docx,docx,co,21,2026-09-17,tên chưa chuẩn
09/KH-BTNMT,06/08/2024,trien khai CT 13,bvmt-sct-vn,bvmt-sct-vn/skills/bvmt-sct-vn/van-ban-goc/knk-bdkh/KH-09-KH-BTNMT-06-8-2024-trien-khai-CT-13.txt,txt,co,16,2026-09-17,tên chưa chuẩn
102/2024/NĐ-CP,30/07/2024,chi tiet Luat Dat dai,dat-dai-sct-vn,dat-dai-sct-vn/skills/dat-dai-sct-vn/van-ban-goc/trung-uong/ND-102-2024-ND-CP-chi-tiet-Luat-Dat-dai.docx,docx,co,137,2026-10-02,tên chưa chuẩn
101/2024/NĐ-CP,29/07/2024,dieu tra dang ky cap giay chung nhan,dat-dai-sct-vn,dat-dai-sct-vn/skills/dat-dai-sct-vn/van-ban-goc/trung-uong/ND-101-2024-ND-CP-dieu-tra-dang-ky-cap-giay-chung-nhan.docx,docx,co,252,2026-10-02,tên chưa chuẩn
88/2024/NĐ-CP,15/07/2024,boi thuong ho tro tai dinh cu,dat-dai-sct-vn,dat-dai-sct-vn/skills/dat-dai-sct-vn/van-ban-goc/trung-uong/ND-88-2024-ND-CP-boi-thuong-ho-tro-tai-dinh-cu.docx,docx,co,52,2026-10-02,tên chưa chuẩn
43/2024/QH15,29/06/2024,sua doi Luat Dat dai,dat-dai-sct-vn,dat-dai-sct-vn/skills/dat-dai-sct-vn/van-ban-goc/trung-uong/Luat-43-2024-QH15-sua-doi-Luat-Dat-dai.docx,docx,co,7,2026-10-02,tên chưa chuẩn
23/2024/TT-BCT,29/06/2024,tienchat,hnh-sct-vn,hnh-sct-vn/skills/hnh-sct-vn/van-ban-goc/03-thong-tu/TT-23-2024-BCT-tienchat.pdf,pdf,co,2591,2026-09-17,tên chưa chuẩn; ocr
42/2024/QH15,29/06/2024,Luat Quan ly su dung vu khi vat lieu no va CCHT,kho-vlncn-sct-vn,kho-vlncn-sct-vn/skills/kho-vlncn-sct-vn/van-ban-goc/2024.06.29-42.2024.QH15-Luat-Quan-ly-su-dung-vu-khi-vat-lieu-no-va-CCHT.docx,docx,co,70,2026-09-17,
42/2024/QH15,29/06/2024,,sd-vlncn-sct-vn,sd-vlncn-sct-vn/skills/sd-vlncn-sct-vn/van-ban-goc/Luat-42-2024-QH15.docx,docx,co,70,2026-09-17,tên chưa chuẩn
71/2024/NĐ-CP,27/06/2024,gia dat,dat-dai-sct-vn,dat-dai-sct-vn/skills/dat-dai-sct-vn/van-ban-goc/trung-uong/ND-71-2024-ND-CP-gia-dat.docx,docx,co,139,2026-10-02,tên chưa chuẩn
35/2024/QH15,27/06/2024,Luat Duong bo 35 2024 text,hnh-sct-vn,hnh-sct-vn/skills/hnh-sct-vn/van-ban-goc/01-luat/Luat-Duong-bo-35-2024-text.docx,docx,co,52,2026-09-17,tên chưa chuẩn
13/CT-TTg,02/05/2024,quan ly tin chi cac bon,bvmt-sct-vn,bvmt-sct-vn/skills/bvmt-sct-vn/van-ban-goc/knk-bdkh/CT-13-CT-TTg-02-5-2024-quan-ly-tin-chi-cac-bon.txt,txt,co,11,2026-09-17,tên chưa chuẩn
34/2024/NĐ-CP,31/03/2024,CWC vukhihoahoc,hc-sct-vn,hc-sct-vn/skills/hc-sct-vn/van-ban-goc/02-nghi-dinh/ND-34-2024-CWC-vukhihoahoc.docx,docx,co,1537,2026-09-17,tên chưa chuẩn
32/2024/NĐ-CP,15/03/2024,quan ly phat trien CCN,kccn-sct-vn,kccn-sct-vn/skills/kccn-sct-vn/van-ban-goc/ND-32-2024-quan-ly-phat-trien-CCN.docx,docx,co,23,2026-09-17,tên chưa chuẩn
31/2024/QH15,18/01/2024,Luat Dat dai 31 2024 QH15,dat-dai-sct-vn,dat-dai-sct-vn/skills/dat-dai-sct-vn/van-ban-goc/trung-uong/Luat-Dat-dai-31-2024-QH15.docx,docx,co,166,2026-10-02,tên chưa chuẩn
28/2023/TT-BTNMT,29/12/2023,dinh muc MRV linh vuc chat thai,bvmt-sct-vn,bvmt-sct-vn/skills/bvmt-sct-vn/van-ban-goc/knk-bdkh/TT-28-2023-TT-BTNMT-29-12-2023-dinh-muc-MRV-linh-vuc-chat-thai.txt,txt,co,96,2026-09-17,tên chưa chuẩn
43/2023/TT-BCT,28/12/2023,Sửa đổi TT 57.2018 về kinh doanh thuốc lá,attp-sct-vn,attp-sct-vn/skills/attp-sct-vn/van-ban-goc/2023.12.28 43.2023.TT.BCT Sửa đổi TT 57.2018 về kinh doanh thuốc lá.pdf,pdf,co,10985,2026-09-17,ocr; bản gốc ≥ 3 MB chỉ có trên GitHub
38/2023/TT-BCT,27/12/2023,MRV KNK nganh Cong Thuong,bvmt-sct-vn,bvmt-sct-vn/skills/bvmt-sct-vn/van-ban-goc/knk-bdkh/TT-38-2023-TT-BCT-27-12-2023-MRV-KNK-nganh-Cong-Thuong.txt,txt,co,66,2026-09-17,tên chưa chuẩn
37/TT-BGTVT,13/12/2023,,hnh-sct-vn,hnh-sct-vn/skills/hnh-sct-vn/van-ban-goc/03-thong-tu/TT-37-BGTVT.pdf,pdf,co,1745,2026-09-17,tên chưa chuẩn
9416/VPCP-QHQT,30/11/2023,thoa thuan VN Singapore,bvmt-sct-vn,bvmt-sct-vn/skills/bvmt-sct-vn/van-ban-goc/knk-bdkh/CV-9416-VPCP-QHQT-30-11-2023-thoa-thuan-VN-Singapore.txt,txt,co,1,2026-09-17,tên chưa chuẩn
35/2023/NĐ-CP,20/06/2023,sua cac ND BXD,xd-sct-vn,xd-sct-vn/skills/xd-sct-vn/van-ban-goc/ND-35-2023-sua-cac-ND-BXD.docx,docx,co,68,2026-09-17,tên chưa chuẩn
334/QĐ-TTg,01/04/2023,chien luoc dia chat khoang san cong nghiep khai khoang 2030 2045,quy-hoach-ct-vn,quy-hoach-ct-vn/skills/quy-hoach-ct-vn/van-ban-goc/QD-334-QD-TTg-01-4-2023-chien-luoc-dia-chat-khoang-san-cong-nghiep-khai-khoang-2030-2045.docx,docx,co,17,2026-09-17,tên chưa chuẩn
896/QĐ-TTg,26/07/2022,chien luoc BDKH 2050,bvmt-sct-vn,bvmt-sct-vn/skills/bvmt-sct-vn/van-ban-goc/knk-bdkh/QD-896-QD-TTg-26-7-2022-chien-luoc-BDKH-2050.txt,txt,co,74,2026-09-17,tên chưa chuẩn
88/NQ-CP,22/07/2022,chuong trinh hanh dong thuc hien NQ 10 NQ TW,quy-hoach-ct-vn,quy-hoach-ct-vn/skills/quy-hoach-ct-vn/van-ban-goc/NQ-88-NQ-CP-22-7-2022-chuong-trinh-hanh-dong-thuc-hien-NQ-10-NQ-TW.docx,docx,co,15,2026-09-17,tên chưa chuẩn
45/2022/NĐ-CP,07/07/2022,xu phat bao ve moi truong,xp-sct-vn,xp-sct-vn/skills/xp-sct-vn/van-ban-goc/moi-truong/ND-45-2022-NDCP-xu-phat-bao-ve-moi-truong.docx,docx,co,103,2026-09-17,tên chưa chuẩn
10-NQ/TW,10/02/2022,dinh huong chien luoc dia chat khoang san cong nghiep khai khoang,quy-hoach-ct-vn,quy-hoach-ct-vn/skills/quy-hoach-ct-vn/van-ban-goc/NQ-10-NQ-TW-10-02-2022-dinh-huong-chien-luoc-dia-chat-khoang-san-cong-nghiep-khai-khoang.docx,docx,co,12,2026-09-17,tên chưa chuẩn
17/2022/NĐ-CP,31/01/2022,Sua doi cac nghi dinh xu phat VPHC linh vuc cong thuong,kho-vlncn-sct-vn,kho-vlncn-sct-vn/skills/kho-vlncn-sct-vn/van-ban-goc/2022.01.31-17.2022.ND.CP-Sua-doi-cac-nghi-dinh-xu-phat-VPHC-linh-vuc-cong-thuong.pdf,pdf,co,6338,2026-09-17,ocr; bản gốc ≥ 3 MB chỉ có trên GitHub
17/2022/NĐ-CP,31/01/2022,sua doi ND 71 2019 134 2013 98 2020 99 2020,xp-sct-vn,xp-sct-vn/skills/xp-sct-vn/van-ban-goc/chung/ND-17-2022-NDCP-sua-doi-ND-71-2019-134-2013-98-2020-99-2020.docx,docx,co,81,2026-09-17,tên chưa chuẩn
154/QĐ-TTg,29/01/2022,keo dai ky quy hoach khoang san VLXD xi mang,quy-hoach-ct-vn,quy-hoach-ct-vn/skills/quy-hoach-ct-vn/van-ban-goc/QD-154-QD-TTg-29-01-2022-keo-dai-ky-quy-hoach-khoang-san-VLXD-xi-mang.docx,docx,co,7,2026-09-17,tên chưa chuẩn
16/2022/NĐ-CP,28/01/2022,xu phat xay dung,xp-sct-vn,xp-sct-vn/skills/xp-sct-vn/van-ban-goc/xay-dung/ND-16-2022-NDCP-xu-phat-xay-dung.docx,docx,co,63,2026-09-17,tên chưa chuẩn
648/VPCP-NN,26/01/2022,de an thi truong cac bon,bvmt-sct-vn,bvmt-sct-vn/skills/bvmt-sct-vn/van-ban-goc/knk-bdkh/CV-648-VPCP-NN-26-01-2022-de-an-thi-truong-cac-bon.txt,txt,co,1,2026-09-17,tên chưa chuẩn
06/2022/NĐ-CP,07/01/2022,giam nhe KNK o don,bvmt-sct-vn,bvmt-sct-vn/skills/bvmt-sct-vn/van-ban-goc/knk-bdkh/ND-06-2022-ND-CP-07-01-2022-giam-nhe-KNK-o-don.txt,txt,co,179,2026-09-17,tên chưa chuẩn
04/2022/NĐ-CP,06/01/2022,sua doi ND 36 2020 va ND 91 2019 dat dai,xp-sct-vn,xp-sct-vn/skills/xp-sct-vn/van-ban-goc/khoang-san/ND-04-2022-NDCP-sua-doi-ND-36-2020-va-ND-91-2019-dat-dai.docx,docx,co,49,2026-09-17,tên chưa chuẩn
8520/BCT-KHCN,30/12/2021,Cong van huong dan thuc hien quy dinh linh vuc an toan thuc pham,attp-sct-vn,attp-sct-vn/skills/attp-sct-vn/van-ban-goc/2021.12.30 8520.BCT.KHCN Cong van huong dan thuc hien quy dinh linh vuc an toan thuc pham.pdf,pdf,co,658,2026-09-17,ocr
25/2026/VBHN-NĐ,30/12/2021,xu phat SHCN ban sao y UBND tinh,xp-sct-vn,xp-sct-vn/skills/xp-sct-vn/van-ban-goc/so-huu-cong-nghiep/VBHN-25-2026-ND-xu-phat-SHCN_ban-sao-y-UBND-tinh.pdf,pdf,co,19156,2026-10-07,tên chưa chuẩn; ocr; bản gốc ≥ 3 MB chỉ có trên GitHub
124/2021/NĐ-CP,28/12/2021,sua doi ND 115 2018 va ND 117 2020,xp-sct-vn,xp-sct-vn/skills/xp-sct-vn/van-ban-goc/attp/ND-124-2021-NDCP-sua-doi-ND-115-2018-va-ND-117-2020.docx,docx,co,39,2026-09-17,tên chưa chuẩn
122/2021/NĐ-CP,28/12/2021,xu phat ke hoach dau tu,xp-sct-vn,xp-sct-vn/skills/xp-sct-vn/van-ban-goc/dau-tu/ND-122-2021-NDCP-xu-phat-ke-hoach-dau-tu.docx,docx,co,37,2026-09-17,tên chưa chuẩn
118/2021/NĐ-CP,23/12/2021,Phu luc bieu mau MQD01 42 MBB01 30,xp-sct-vn,xp-sct-vn/skills/xp-sct-vn/van-ban-goc/chung/ND-118-2021-NDCP-Phu-luc-bieu-mau-MQD01-42-MBB01-30.docx,docx,co,312,2026-09-17,tên chưa chuẩn
118/2021/NĐ-CP,23/12/2021,quy dinh chi tiet Luat XLVPHC ban goc chua hop nhat 68 190 2025,xp-sct-vn,xp-sct-vn/skills/xp-sct-vn/van-ban-goc/chung/ND-118-2021-NDCP-quy-dinh-chi-tiet-Luat-XLVPHC_ban-goc-chua-hop-nhat-68-190-2025.docx,docx,co,557,2026-09-17,tên chưa chuẩn
06/2021/TT-BXD,30/06/2021,phan cap cong trinh CU,xd-sct-vn,xd-sct-vn/skills/xd-sct-vn/van-ban-goc/TT-06-2021-TT-BXD-phan-cap-cong-trinh-CU.docx,docx,co,68,2026-09-17,tên chưa chuẩn
3479/VPCP-NN,26/05/2021,thi diem tin chi rung Quang Nam,bvmt-sct-vn,bvmt-sct-vn/skills/bvmt-sct-vn/van-ban-goc/knk-bdkh/CV-3479-VPCP-NN-26-5-2021-thi-diem-tin-chi-rung-Quang-Nam.txt,txt,co,3,2026-09-17,tên chưa chuẩn
,27/04/2021,VD BoCT cap GP Cty TQ,hnh-sct-vn,hnh-sct-vn/skills/hnh-sct-vn/van-ban-goc/07-tham-khao/VD-BoCT-cap-GP-Cty-TQ.pdf,pdf,co,495,2026-09-17,tên chưa chuẩn; không đọc được số hiệu; ocr
06/2021/NĐ-CP,26/01/2021,QLCL thi cong bao tri CU,xd-sct-vn,xd-sct-vn/skills/xd-sct-vn/van-ban-goc/ND-06-2021-QLCL-thi-cong-bao-tri-CU.docx,docx,co,64,2026-09-17,tên chưa chuẩn
47/2020/TT-BCT,21/12/2020,QCVN 04 2020 BCT Chat luong tien chat thuoc no,kho-vlncn-sct-vn,kho-vlncn-sct-vn/skills/kho-vlncn-sct-vn/van-ban-goc/2020.12.21-47.2020.TT.BCT-QCVN-04-2020-BCT-Chat-luong-tien-chat-thuoc-no.docx,docx,co,59,2026-09-17,
37/2020/TT-BCT,30/11/2020,taphuan,hnh-sct-vn,hnh-sct-vn/skills/hnh-sct-vn/van-ban-goc/03-thong-tu/TT-37-2020-BCT-taphuan.docx,docx,co,261,2026-09-17,tên chưa chuẩn
98/2020/NĐ-CP,26/08/2020,xu phat thuong mai hang gia ban goc chua hop nhat 17 2022,xp-sct-vn,xp-sct-vn/skills/xp-sct-vn/van-ban-goc/thuong-mai/ND-98-2020-NDCP-xu-phat-thuong-mai-hang-gia-ban-goc-chua-hop-nhat-17-2022.docx,docx,co,67,2026-09-17,tên chưa chuẩn
99/2020/NĐ-CP,26/08/2020,xu phat dau khi xang dau khi ban goc chua hop nhat 17 2022,xp-sct-vn,xp-sct-vn/skills/xp-sct-vn/van-ban-goc/xang-dau-khi/ND-99-2020-NDCP-xu-phat-dau-khi-xang-dau-khi-ban-goc-chua-hop-nhat-17-2022.docx,docx,co,42,2026-09-17,tên chưa chuẩn
36/2020/NĐ-CP,24/03/2020,xu phat tai nguyen nuoc khoang san ban goc chua hop nhat 04 2022,xp-sct-vn,xp-sct-vn/skills/xp-sct-vn/van-ban-goc/khoang-san/ND-36-2020-NDCP-xu-phat-tai-nguyen-nuoc-khoang-san-ban-goc-chua-hop-nhat-04-2022.docx,docx,co,59,2026-09-17,tên chưa chuẩn
32/2019/TT-BCT,21/11/2019,QCVN 01 2019,kho-vlncn-sct-vn,kho-vlncn-sct-vn/skills/kho-vlncn-sct-vn/van-ban-goc/TT-32-2019-BCT_QCVN-01-2019.doc,doc,co,1684,2026-09-17,tên chưa chuẩn
836/QĐ-BXD,14/10/2019,ke hoach lap quy hoach khoang san lam VLXD 2021 2030,quy-hoach-ct-vn,quy-hoach-ct-vn/skills/quy-hoach-ct-vn/van-ban-goc/QD-836-QD-BXD-14-10-2019-ke-hoach-lap-quy-hoach-khoang-san-lam-VLXD-2021-2030.docx,docx,co,11,2026-09-17,tên chưa chuẩn
71/2019/NĐ-CP,30/08/2019,xu phat VPHC hoachat VLNCN,hc-sct-vn,hc-sct-vn/skills/hc-sct-vn/van-ban-goc/05-xu-phat-kiem-tra/ND-71-2019-xu-phat-VPHC-hoachat-VLNCN.docx,docx,co,33,2026-09-17,tên chưa chuẩn
71/2019/NĐ-CP,30/08/2019,Xu phat VPHC linh vuc hoa chat va VLNCN,kho-vlncn-sct-vn,kho-vlncn-sct-vn/skills/kho-vlncn-sct-vn/van-ban-goc/2019.08.30-71.2019.ND.CP-Xu-phat-VPHC-linh-vuc-hoa-chat-va-VLNCN.pdf,pdf,co,3729,2026-09-17,ocr; bản gốc ≥ 3 MB chỉ có trên GitHub
71/2019/NĐ-CP,30/08/2019,xu phat,sd-vlncn-sct-vn,sd-vlncn-sct-vn/skills/sd-vlncn-sct-vn/van-ban-goc/ND-71-2019-xu-phat.docx,docx,co,49,2026-09-17,tên chưa chuẩn
57/2018/TT-BCT,26/12/2018,Quy định chi tiết các NĐ về kinh doanh thuốc lá,attp-sct-vn,attp-sct-vn/skills/attp-sct-vn/van-ban-goc/2018.12.26 57.2018.TT.BCT Quy định chi tiết các NĐ về kinh doanh thuốc lá.pdf,pdf,co,4723,2026-09-17,ocr; bản gốc ≥ 3 MB chỉ có trên GitHub
43/2018/TT-BCT,15/11/2018,Thông tư quản lý ATTP thuộc trách nhiệm Bộ Công Thương,attp-sct-vn,attp-sct-vn/skills/attp-sct-vn/van-ban-goc/2018.11.15 43.2018.TT.BCT Thông tư quản lý ATTP thuộc trách nhiệm Bộ Công Thương.pdf,pdf,co,754,2026-09-17,ocr
115/2018/NĐ-CP,04/09/2018,xu phat ATTP ban goc chua hop nhat 124 2021,xp-sct-vn,xp-sct-vn/skills/xp-sct-vn/van-ban-goc/attp/ND-115-2018-NDCP-xu-phat-ATTP-ban-goc-chua-hop-nhat-124-2021.docx,docx,co,31,2026-09-17,tên chưa chuẩn
16/2018/TT-BCA,15/05/2018,tienchat,hnh-sct-vn,hnh-sct-vn/skills/hnh-sct-vn/van-ban-goc/03-thong-tu/TT-16-2018-BCA-tienchat.doc,doc,co,602,2026-09-17,tên chưa chuẩn
3109/BCT-KHCN,20/04/2018,Cong van huong dan thuc hien cong tac quan ly an toan thuc pham,attp-sct-vn,attp-sct-vn/skills/attp-sct-vn/van-ban-goc/2018.04.20 3109.BCT.KHCN Cong van huong dan thuc hien cong tac quan ly an toan thuc pham.pdf,pdf,co,221,2026-09-17,ocr
15/2018/NĐ-CP,02/02/2018,Nghị định quy định chi tiết Luật ATTP (bản text trích được),attp-sct-vn,attp-sct-vn/skills/attp-sct-vn/van-ban-goc/2018.02.02 15.2018.NĐ.CP Nghị định quy định chi tiết Luật ATTP (bản text trích được).txt,txt,co,131,2026-09-17,
15/2018/NĐ-CP,02/02/2018,Nghị định quy định chi tiết thi hành một số điều của Luật An toàn thực phẩm,attp-sct-vn,attp-sct-vn/skills/attp-sct-vn/van-ban-goc/2018.02.02 15.2018.NĐ.CP Nghị định quy định chi tiết thi hành một số điều của Luật An toàn thực phẩm.doc,doc,co,428,2026-09-17,
16/2017/QH14,15/11/2017,Luat Lam nghiep 16 2017 QH14 15 11 2017,bvmt-sct-vn,bvmt-sct-vn/skills/bvmt-sct-vn/van-ban-goc/knk-bdkh/Luat-Lam-nghiep-16-2017-QH14-15-11-2017.txt,txt,co,149,2026-09-17,tên chưa chuẩn
419/QĐ-TTg,05/04/2017,chuong trinh REDD plus,bvmt-sct-vn,bvmt-sct-vn/skills/bvmt-sct-vn/van-ban-goc/knk-bdkh/QD-419-QD-TTg-05-4-2017-chuong-trinh-REDD-plus.txt,txt,co,60,2026-09-17,tên chưa chuẩn
1803/QĐ-TTg,22/10/2015,an PMR WB,bvmt-sct-vn,bvmt-sct-vn/skills/bvmt-sct-vn/van-ban-goc/knk-bdkh/QD-1803-QD-TTg-22-10-2015-du-an-PMR-WB.txt,txt,co,5,2026-09-17,tên chưa chuẩn
84/2015/QH13,25/06/2015,An toan ve sinh lao dong,atvsld-sct-vn,atvsld-sct-vn/skills/atvsld-sct-vn/van-ban-goc/Luat-84-2015-QH13-An-toan-ve-sinh-lao-dong.docx,docx,co,46,2026-09-17,tên chưa chuẩn
1215/QĐ-BNN-TCCB,02/06/2014,quy che BCD REDD,bvmt-sct-vn,bvmt-sct-vn/skills/bvmt-sct-vn/van-ban-goc/knk-bdkh/QD-1215-QD-BNN-TCCB-02-6-2014-quy-che-BCD-REDD.txt,txt,co,28,2026-09-17,tên chưa chuẩn
1775/QĐ-TTg,21/11/2012,de an quan ly phat thai tin chi,bvmt-sct-vn,bvmt-sct-vn/skills/bvmt-sct-vn/van-ban-goc/knk-bdkh/QD-1775-QD-TTg-21-11-2012-de-an-quan-ly-phat-thai-tin-chi.txt,txt,co,37,2026-09-17,tên chưa chuẩn
07/CT-TTg,02/03/2012,chan chinh KKT KCN CCN,kccn-sct-vn,kccn-sct-vn/skills/kccn-sct-vn/van-ban-goc/CT-07-2012-TTg-chan-chinh-KKT-KCN-CCN.docx,docx,co,16,2026-09-17,tên chưa chuẩn
,22/11/1994,Nghi dinh thu Viet Trung,hnh-sct-vn,hnh-sct-vn/skills/hnh-sct-vn/van-ban-goc/02-nghi-dinh/Nghi-dinh-thu-Viet-Trung.pdf,pdf,co,720,2026-09-17,tên chưa chuẩn; không đọc được số hiệu
,,DU THAO 2024 Phu luc I QD 13 2024 linh vuc THAM KHAO,bvmt-sct-vn,bvmt-sct-vn/skills/bvmt-sct-vn/van-ban-goc/knk-bdkh/DU-THAO-2024-Phu-luc-I-QD-13-2024-linh-vuc-THAM-KHAO.txt,txt,co,1,2026-09-17,tên chưa chuẩn; không đọc được số hiệu
,,DU THAO 2024 Phu luc II QD 13 2024 nganh cong thuong THAM KHAO,bvmt-sct-vn,bvmt-sct-vn/skills/bvmt-sct-vn/van-ban-goc/knk-bdkh/DU-THAO-2024-Phu-luc-II-QD-13-2024-nganh-cong-thuong-THAM-KHAO.txt,txt,co,422,2026-09-17,tên chưa chuẩn; không đọc được số hiệu
,,DU THAO 2024 Phu luc III QD 13 2024 GTVT THAM KHAO,bvmt-sct-vn,bvmt-sct-vn/skills/bvmt-sct-vn/van-ban-goc/knk-bdkh/DU-THAO-2024-Phu-luc-III-QD-13-2024-GTVT-THAM-KHAO.txt,txt,co,16,2026-09-17,tên chưa chuẩn; không đọc được số hiệu
,,DU THAO 2024 Phu luc IV QD 13 2024 xay dung THAM KHAO,bvmt-sct-vn,bvmt-sct-vn/skills/bvmt-sct-vn/van-ban-goc/knk-bdkh/DU-THAO-2024-Phu-luc-IV-QD-13-2024-xay-dung-THAM-KHAO.txt,txt,co,25,2026-09-17,tên chưa chuẩn; không đọc được số hiệu
,,Du thao De an 13 Tinh uy ban UBND tinh KHONG TRICH SO,bvmt-sct-vn,bvmt-sct-vn/skills/bvmt-sct-vn/van-ban-goc/knk-bdkh/Du-thao-De-an-13-Tinh-uy-ban-UBND-tinh-KHONG-TRICH-SO.txt,txt,co,60,2026-09-17,tên chưa chuẩn; không đọc được số hiệu
,,Ghi chu chuc nang QLNN BVMT cua So Cong Thuong,bvmt-sct-vn,bvmt-sct-vn/skills/bvmt-sct-vn/van-ban-goc/knk-bdkh/Ghi-chu-chuc-nang-QLNN-BVMT-cua-So-Cong-Thuong.txt,txt,co,1,2026-09-17,tên chưa chuẩn; không đọc được số hiệu
,,UNFCCC Cong uoc khung LHQ ve BDKH ban dich,bvmt-sct-vn,bvmt-sct-vn/skills/bvmt-sct-vn/van-ban-goc/knk-bdkh/UNFCCC-Cong-uoc-khung-LHQ-ve-BDKH-ban-dich.txt,txt,co,68,2026-09-17,tên chưa chuẩn; không đọc được số hiệu
,,So tay BTHTTDC SNNMT Lao Cai 7 2026,dat-dai-sct-vn,dat-dai-sct-vn/skills/dat-dai-sct-vn/van-ban-goc/So-tay-BTHTTDC-SNNMT-Lao-Cai-7-2026.pdf,pdf,co,13769,2026-10-02,tên chưa chuẩn; không đọc được số hiệu; ocr; bản gốc ≥ 3 MB chỉ có trên GitHub
TCVN 5507:2002,,,hc-sct-vn,hc-sct-vn/skills/hc-sct-vn/van-ban-goc/04-qcvn-tcvn/TCVN-5507-2002.doc,doc,co,899,2026-09-17,tên chưa chuẩn
06/2007/QH12,,Danh muc VBQPPL hoa chat,hc-sct-vn,hc-sct-vn/skills/hc-sct-vn/van-ban-goc/06-danh-muc-cong-van/Danh-muc-VBQPPL-hoa-chat.docx,docx,co,6,2026-09-17,tên chưa chuẩn
26/QĐ-XPVPHC,,2026 Cuc Hoa chat xu phat TNHH TM Hai Dang,hc-sct-vn,hc-sct-vn/skills/hc-sct-vn/vi-du-thuc-te/xu-phat/QD-26-QD-XPVPHC-2026-Cuc-Hoa-chat-xu-phat-TNHH-TM-Hai-Dang.pdf,pdf,khong,1166,2026-09-17,tên chưa chuẩn; vi-du-thuc-te
,,Phu luc danh muc uy quyen VLNCN TTHC 2.000229 2.000210,hl-vlncn-sct-vn,hl-vlncn-sct-vn/skills/hl-vlncn-sct-vn/van-ban-goc/Phu-luc-danh-muc-uy-quyen-VLNCN_TTHC-2.000229-2.000210.docx,docx,co,16,2026-09-17,tên chưa chuẩn; không đọc được số hiệu
,,Hiep dinh van tai VN TQ,hnh-sct-vn,hnh-sct-vn/skills/hnh-sct-vn/van-ban-goc/04-uy-quyen-quy-trinh/Hiep-dinh-van-tai-VN-TQ.pdf,pdf,co,205,2026-09-17,tên chưa chuẩn; không đọc được số hiệu
,,Quy trinh noi bo TTHC HHNH,hnh-sct-vn,hnh-sct-vn/skills/hnh-sct-vn/van-ban-goc/04-uy-quyen-quy-trinh/Quy-trinh-noi-bo-TTHC-HHNH.docx,docx,co,24,2026-09-17,tên chưa chuẩn; không đọc được số hiệu
,,Dieu 15 thanh phan ho so,hnh-sct-vn,hnh-sct-vn/skills/hnh-sct-vn/van-ban-goc/05-phu-luc-bieu-mau/Dieu-15-thanh-phan-ho-so.docx,docx,co,29,2026-09-17,tên chưa chuẩn; không đọc được số hiệu
,,Dieu 6 bao bi thung chua,hnh-sct-vn,hnh-sct-vn/skills/hnh-sct-vn/van-ban-goc/05-phu-luc-bieu-mau/Dieu-6-bao-bi-thung-chua.docx,docx,co,29,2026-09-17,tên chưa chuẩn; không đọc được số hiệu
,,Mau phuong an VC tham khao,hnh-sct-vn,hnh-sct-vn/skills/hnh-sct-vn/van-ban-goc/05-phu-luc-bieu-mau/Mau-phuong-an-VC-tham-khao.docx,docx,co,26,2026-09-17,tên chưa chuẩn; không đọc được số hiệu
,,PL1 danh muc HHNH mausac,hnh-sct-vn,hnh-sct-vn/skills/hnh-sct-vn/van-ban-goc/05-phu-luc-bieu-mau/PL1-danh-muc-HHNH-mausac.xlsx,xlsx,co,305,2026-09-17,tên chưa chuẩn; không đọc được số hiệu
,,PL2 so hieu nguy hiem,hnh-sct-vn,hnh-sct-vn/skills/hnh-sct-vn/van-ban-goc/05-phu-luc-bieu-mau/PL2-so-hieu-nguy-hiem.pdf,pdf,co,1077,2026-09-17,tên chưa chuẩn; không đọc được số hiệu; ocr
,,PL5 phuong an to chuc,hnh-sct-vn,hnh-sct-vn/skills/hnh-sct-vn/van-ban-goc/05-phu-luc-bieu-mau/PL5-phuong-an-to-chuc.pdf,pdf,co,352,2026-09-17,tên chưa chuẩn; không đọc được số hiệu; ocr
,,PL8 mau giay phep,hnh-sct-vn,hnh-sct-vn/skills/hnh-sct-vn/van-ban-goc/05-phu-luc-bieu-mau/PL8-mau-giay-phep.pdf,pdf,co,307,2026-09-17,tên chưa chuẩn; không đọc được số hiệu; ocr
ĐLVN 05:2017,,kiem dinh xi tec,hnh-sct-vn,hnh-sct-vn/skills/hnh-sct-vn/van-ban-goc/07-tham-khao/DLVN-05-2017-kiem-dinh-xi-tec.pdf,pdf,co,542,2026-09-17,tên chưa chuẩn
,,Danh sach UN numbers,hnh-sct-vn,hnh-sct-vn/skills/hnh-sct-vn/van-ban-goc/07-tham-khao/Danh-sach-UN-numbers.pdf,pdf,co,369,2026-09-17,tên chưa chuẩn; không đọc được số hiệu
,,VD BoKHCN cap GP Cty TQ,hnh-sct-vn,hnh-sct-vn/skills/hnh-sct-vn/van-ban-goc/07-tham-khao/VD-BoKHCN-cap-GP-Cty-TQ.pdf,pdf,co,1452,2026-09-17,tên chưa chuẩn; không đọc được số hiệu; ocr
QĐ 2336/2026,,CTDT KCN Phu Xuan,kccn-sct-vn,kccn-sct-vn/skills/kccn-sct-vn/van-ban-goc/QD-2336-2026-CTDT-KCN-Phu-Xuan.pdf,pdf,co,3528,2026-09-17,tên chưa chuẩn; ocr; bản gốc ≥ 3 MB chỉ có trên GitHub
QĐ 2338/2026,,CTDT KCN Phu Xuan 1,kccn-sct-vn,kccn-sct-vn/skills/kccn-sct-vn/van-ban-goc/QD-2338-2026-CTDT-KCN-Phu-Xuan-1.pdf,pdf,co,2874,2026-09-17,tên chưa chuẩn; ocr
,,BC UBND QLNN khoang san nam 2025,qlks-sct-vn,qlks-sct-vn/skills/qlks-sct-vn/van-ban-goc/BC-UBND-QLNN-khoang-san-nam-2025.docx,docx,co,98,2026-09-17,tên chưa chuẩn; không đọc được số hiệu
,,BC tinh ket qua Chi thi 38 TTg,qlks-sct-vn,qlks-sct-vn/skills/qlks-sct-vn/van-ban-goc/BC-tinh-ket-qua-Chi-thi-38-TTg.docx,docx,co,42,2026-09-17,tên chưa chuẩn; không đọc được số hiệu
,,CV SNNMT 8 2025 huong dan DN thuc hien Luat DCKS,qlks-sct-vn,qlks-sct-vn/skills/qlks-sct-vn/van-ban-goc/CV-SNNMT-8-2025-huong-dan-DN-thuc-hien-Luat-DCKS.docx,docx,co,94,2026-09-17,tên chưa chuẩn; không đọc được số hiệu
,,CV UBND bao ve khoang san chua khai thac,qlks-sct-vn,qlks-sct-vn/skills/qlks-sct-vn/van-ban-goc/CV-UBND-bao-ve-khoang-san-chua-khai-thac.docx,docx,co,40,2026-09-17,tên chưa chuẩn; không đọc được số hiệu
,,Danh muc VBPL khoang san,qlks-sct-vn,qlks-sct-vn/skills/qlks-sct-vn/van-ban-goc/Danh-muc-VBPL-khoang-san.docx,docx,co,12,2026-09-17,tên chưa chuẩn; không đọc được số hiệu
,,KH UBND trien khai Chi thi 11 CT TU QLNN khoang san,qlks-sct-vn,qlks-sct-vn/skills/qlks-sct-vn/van-ban-goc/KH-UBND-trien-khai-Chi-thi-11-CT-TU-QLNN-khoang-san.docx,docx,co,63,2026-09-17,tên chưa chuẩn; không đọc được số hiệu
,,Ghi chu nghiep vu trong qua trinh su dung VLNCN,sd-vlncn-sct-vn,sd-vlncn-sct-vn/skills/sd-vlncn-sct-vn/van-ban-goc/Ghi-chu-nghiep-vu-trong-qua-trinh-su-dung-VLNCN.docx,docx,co,12,2026-09-17,tên chưa chuẩn; không đọc được số hiệu
17/2022/NĐ-CP,,sua doi xu phat,sd-vlncn-sct-vn,sd-vlncn-sct-vn/skills/sd-vlncn-sct-vn/van-ban-goc/ND-17-2022-sua-doi-xu-phat.pdf,pdf,co,6248,2026-09-17,tên chưa chuẩn; ocr; bản gốc ≥ 3 MB chỉ có trên GitHub
2373/UBND,,chi dao tu huong dan dich vu no min 2025,sd-vlncn-sct-vn,sd-vlncn-sct-vn/skills/sd-vlncn-sct-vn/vi-du-thuc-te/CV-2373-UBND-chi-dao-tu-huong-dan-dich-vu-no-min-2025.pdf,pdf,khong,566,2026-09-17,tên chưa chuẩn; vi-du-thuc-te
CV 4280,,tra ho so Thanh Huong 2026,sd-vlncn-sct-vn,sd-vlncn-sct-vn/skills/sd-vlncn-sct-vn/vi-du-thuc-te/CV-4280-tra-ho-so-Thanh-Huong-2026.pdf,pdf,khong,2833,2026-09-17,tên chưa chuẩn; vi-du-thuc-te
CV 4378,,tra ho so Mong Son 2026,sd-vlncn-sct-vn,sd-vlncn-sct-vn/skills/sd-vlncn-sct-vn/vi-du-thuc-te/CV-4378-tra-ho-so-Mong-Son-2026.pdf,pdf,khong,2831,2026-09-17,tên chưa chuẩn; vi-du-thuc-te
473/VPUBND,,tra ho so Dong Khe 2025,sd-vlncn-sct-vn,sd-vlncn-sct-vn/skills/sd-vlncn-sct-vn/vi-du-thuc-te/CV-473-VPUBND-tra-ho-so-Dong-Khe-2025.pdf,pdf,khong,443,2026-09-17,tên chưa chuẩn; vi-du-thuc-te
565/VPUBND,,tra ho so QL4D Muong Khuong 2025,sd-vlncn-sct-vn,sd-vlncn-sct-vn/skills/sd-vlncn-sct-vn/vi-du-thuc-te/CV-565-VPUBND-tra-ho-so-QL4D-Muong-Khuong-2025.pdf,pdf,khong,444,2026-09-17,tên chưa chuẩn; vi-du-thuc-te
TB 1894,,ket qua sau kiem tra VLNCN,sd-vlncn-sct-vn,sd-vlncn-sct-vn/skills/sd-vlncn-sct-vn/vi-du-thuc-te/TB-1894-ket-qua-sau-kiem-tra-VLNCN.docx,docx,khong,34,2026-09-17,tên chưa chuẩn; vi-du-thuc-te
31/2025/TT-BCT,,10 phu luc toan van,tkm-sct-vn,tkm-sct-vn/skills/tkm-sct-vn/van-ban-goc/TT-31-2025-TT-BCT-10-phu-luc-toan-van.doc,doc,co,941,2026-09-17,tên chưa chuẩn
TT 31/2025,,than 6 dieu,tkm-sct-vn,tkm-sct-vn/skills/tkm-sct-vn/van-ban-goc/TT-31-2025-than-6-dieu.md,md,co,3,2026-09-17,tên chưa chuẩn
CV 573,,Âu Lâu,xd-sct-vn,xd-sct-vn/skills/xd-sct-vn/vi-du-thuc-te/au-lau-110kv-tham-dinh-BCNCKT/ho-so/CV 573 Âu Lâu.pdf,pdf,khong,200,2026-09-17,tên chưa chuẩn; vi-du-thuc-te
TB 2948,,thong bao don vi Dieu 7 TT56,xp-hc-vlncn-sct-vn,xp-hc-vlncn-sct-vn/skills/xp-hc-vlncn-sct-vn/vi-du-thuc-te/bo-ho-so-xu-phat-Khi-cong-nghiep-mau-that/TB-2948-thong-bao-don-vi-Dieu-7-TT56.pdf,pdf,khong,2925,2026-09-17,tên chưa chuẩn; vi-du-thuc-te
88/2025/QH15,,sua doi Luat XLVPHC ban scan co dau,xp-sct-vn,xp-sct-vn/skills/xp-sct-vn/van-ban-goc/chung/Luat-88-2025-QH15-sua-doi-Luat-XLVPHC_ban-scan-co-dau.pdf,pdf,co,7419,2026-09-17,tên chưa chuẩn; ocr; bản gốc ≥ 3 MB chỉ có trên GitHub
,,Phieu sao y UBND tinh VBHN 25 2026,xp-sct-vn,xp-sct-vn/skills/xp-sct-vn/van-ban-goc/so-huu-cong-nghiep/Phieu-sao-y-UBND-tinh_VBHN-25-2026.docx,docx,co,27,2026-10-07,tên chưa chuẩn; không đọc được số hiệu
TB 2948,,thong bao don vi Dieu 7 TT56,xp-sct-vn,xp-sct-vn/skills/xp-sct-vn/vi-du-thuc-te/bo-ho-so-xu-phat-Khi-cong-nghiep-mau-that/TB-2948-thong-bao-don-vi-Dieu-7-TT56.pdf,pdf,khong,2925,2026-09-17,tên chưa chuẩn; vi-du-thuc-te
